Season;FG;3P;FT;TRB;AST;STL;BLK;TOV;PF;PTS;Playoffs
2022-23;43.6;13.8;19.8;42.5;27.3;7.0;3.4;13.5;19.7;120.7;YES
2022-23;43.1;16.6;16.0;44.6;29.8;7.2;3.9;16.3;21.4;118.9;YES
2022-23;44.6;10.8;18.5;44.4;25.0;7.1;4.9;12.9;18.8;118.4;YES
2022-23;42.2;16.0;17.5;45.3;26.7;6.4;5.2;13.4;18.8;117.9;YES
2022-23;43.1;12.1;19.2;43.6;24.4;8.2;4.2;13.0;21.0;117.5;YES
2022-23;42.9;10.8;20.6;45.7;25.3;6.4;4.6;14.1;17.9;117.2;YES
2022-23;42.5;13.3;18.7;45.9;26.0;6.1;5.2;15.4;20.5;117.1;NO
2022-23;43.7;12.0;17.5;46.6;26.0;8.3;5.8;13.6;20.0;116.9;YES
2022-23;42.7;14.8;16.6;48.6;25.8;6.4;4.9;14.6;18.1;116.9;YES
2022-23;42.0;13.6;18.7;41.5;27.0;7.7;5.8;14.9;21.2;116.3;NO
2022-23;42.0;12.6;19.4;46.6;22.9;6.4;4.1;13.0;20.3;116.0;YES
2022-23;43.6;11.8;16.8;43.0;28.9;7.5;4.5;14.5;18.6;115.8;YES
2022-23;42.9;12.2;17.9;41.9;26.2;8.0;5.4;15.3;21.6;115.8;YES
2022-23;40.8;12.6;21.0;40.9;25.2;7.7;4.7;13.7;20.4;115.2;YES
2022-23;42.0;11.0;19.3;43.7;25.9;8.3;4.1;14.6;20.5;114.4;YES
2022-23;40.0;15.2;19.0;38.8;22.9;6.3;3.7;12.2;20.7;114.2;NO
2022-23;42.1;12.2;17.2;44.2;27.3;7.1;5.3;13.5;21.2;113.6;YES
2022-23;41.1;12.7;18.7;43.2;23.9;7.1;4.4;14.2;19.5;113.6;YES
2022-23;40.5;12.9;19.6;40.5;24.2;6.7;4.6;14.5;20.0;113.4;NO
2022-23;41.5;12.8;17.7;40.5;25.5;7.1;6.2;13.7;21.1;113.4;YES
2022-23;42.1;11.3;17.6;43.6;25.4;6.8;5.2;14.1;18.8;113.2;NO
2022-23;42.5;10.4;17.6;42.4;24.5;7.9;4.5;13.4;18.9;113.1;YES
2022-23;43.1;11.1;15.8;43.7;27.2;7.0;3.9;15.3;19.9;113.0;NO
2022-23;41.9;10.7;18.4;43.0;23.9;9.4;5.2;11.7;20.0;112.9;YES
2022-23;41.6;11.6;17.5;41.1;24.9;7.1;4.7;13.3;19.0;112.3;YES
2022-23;40.5;10.8;19.6;43.2;23.2;7.4;4.7;15.1;20.1;111.4;NO
2022-23;41.3;10.7;17.6;44.5;25.1;7.7;5.2;14.2;20.3;111.0;NO
2022-23;40.6;10.4;19.1;46.3;22.4;7.3;4.6;16.2;20.5;110.7;NO
2022-23;39.6;11.4;19.8;42.4;23.0;7.0;3.8;15.1;22.1;110.3;NO
2022-23;39.2;12.0;19.1;40.6;23.8;8.0;3.0;13.5;18.5;109.5;YES
2021-22;41.6;14.8;18.0;44.2;25.7;8.8;5.6;14.3;21.8;115.9;YES
2021-22;43.5;11.5;17.0;49.2;26.0;9.8;6.5;13.2;19.8;115.6;YES
2021-22;41.8;14.1;17.8;46.7;23.9;7.6;4.0;13.4;18.2;115.5;YES
2021-22;42.8;13.9;15.8;44.6;28.1;8.6;4.9;13.3;19.9;115.3;NO
2021-22;43.7;11.6;15.9;45.3;27.4;8.6;4.4;12.9;19.9;114.8;YES
2021-22;41.5;12.9;18.1;44.0;24.6;7.2;4.2;11.9;18.7;113.9;YES
2021-22;40.6;14.5;17.9;46.3;22.4;7.2;4.9;14.0;18.9;113.6;YES
2021-22;43.2;11.3;15.4;45.3;27.9;7.6;4.9;12.7;18.1;113.2;NO
2021-22;42.0;11.5;17.5;44.4;25.3;7.1;5.5;14.1;20.4;112.9;YES
2021-22;41.7;12.7;16.7;44.1;27.8;7.2;3.7;14.5;20.0;112.7;YES
2021-22;41.6;12.0;16.8;44.0;24.0;7.6;5.2;14.5;20.2;112.1;NO
2021-22;40.7;13.2;17.0;46.1;24.8;7.2;5.8;13.6;18.5;111.8;YES
2021-22;41.7;10.6;17.5;42.3;23.9;7.1;4.1;12.8;18.8;111.6;YES
2021-22;41.4;12.2;16.4;43.9;25.4;7.1;5.6;14.4;20.4;111.5;NO
2021-22;40.5;14.3;15.6;45.5;27.1;8.8;4.5;14.9;21.0;111.0;YES
2021-22;40.5;11.4;17.9;42.9;23.7;7.2;4.5;14.1;18.9;110.3;NO
2021-22;39.6;13.6;17.3;43.7;25.5;7.4;3.2;14.6;20.5;110.0;YES
2021-22;39.4;11.6;19.6;42.3;23.7;7.7;5.3;12.5;19.4;109.9;YES
2021-22;39.4;13.5;17.5;42.0;23.6;7.3;4.7;16.5;20.6;109.7;NO
2021-22;40.6;11.9;16.2;45.3;22.1;9.0;4.6;12.5;19.6;109.4;YES
2021-22;40.2;10.6;18.3;45.2;25.0;8.3;4.0;14.1;19.7;109.3;YES
2021-22;40.6;10.5;17.0;43.1;25.0;6.4;5.0;13.1;18.8;108.6;NO
2021-22;40.1;12.8;15.5;44.0;24.0;7.4;5.0;13.7;18.6;108.4;NO
2021-22;39.3;13.1;16.4;43.0;23.4;6.7;4.0;12.5;19.7;108.0;YES
2021-22;39.7;11.6;16.8;44.2;25.2;7.1;4.2;14.4;17.5;107.8;NO
2021-22;37.7;13.2;18.0;46.1;21.9;7.0;4.9;13.3;20.4;106.5;NO
2021-22;38.5;12.7;16.4;42.9;22.9;8.0;4.5;14.5;21.1;106.2;NO
2021-22;38.2;11.3;17.2;43.0;23.5;7.7;4.8;14.2;21.9;104.8;NO
2021-22;38.3;12.2;15.5;44.3;23.7;6.8;4.5;14.5;19.7;104.2;NO
2021-22;38.3;12.1;15.0;45.6;22.2;7.6;4.6;14.0;18.3;103.7;NO
2020-21;44.7;14.4;16.2;48.1;25.5;8.1;4.6;13.8;17.3;120.1;YES
2020-21;43.1;14.2;18.1;44.4;26.8;6.7;5.3;13.5;19.0;118.6;YES
2020-21;43.2;10.2;20.1;45.2;25.5;7.3;4.1;14.4;21.6;116.6;YES
2020-21;41.3;16.7;17.2;48.3;23.7;6.6;5.2;14.2;18.5;116.4;YES
2020-21;41.3;15.7;17.8;44.5;21.3;6.9;5.0;11.1;18.9;116.1;YES
2020-21;43.3;13.1;15.6;42.9;26.9;7.2;4.3;12.5;19.1;115.3;YES
2020-21;43.3;12.3;16.4;42.7;27.4;8.5;6.4;13.5;20.2;115.3;NO
2020-21;43.3;12.9;15.7;44.4;26.8;8.1;4.5;13.5;19.1;115.1;YES
2020-21;42.5;10.6;19.0;47.4;26.0;7.6;4.4;14.6;18.0;114.6;NO
2020-21;41.8;14.3;16.2;44.2;24.4;7.1;4.1;13.2;19.2;114.0;YES
2020-21;40.8;12.4;19.7;45.6;24.1;7.0;4.8;13.2;19.3;113.7;YES
2020-21;42.6;12.1;16.4;41.4;25.5;7.5;5.0;13.4;19.4;113.7;NO
2020-21;41.3;14.6;16.6;43.0;27.7;8.2;4.8;15.0;21.2;113.7;NO
2020-21;41.4;11.3;19.6;45.1;23.7;9.1;6.2;14.4;20.2;113.6;YES
2020-21;42.8;11.2;16.4;46.5;26.9;9.1;5.1;13.3;18.7;113.3;YES
2020-21;41.5;13.6;16.1;44.3;23.5;7.7;5.3;14.1;20.4;112.6;YES
2020-21;41.1;13.8;16.5;43.3;22.9;6.3;4.3;12.1;19.4;112.4;YES
2020-21;40.7;13.1;17.6;43.5;25.6;8.8;5.5;14.3;20.9;112.1;NO
2020-21;39.7;14.5;17.4;41.6;24.1;8.6;5.4;13.2;21.2;111.3;NO
2020-21;41.9;9.9;17.4;43.9;24.4;7.0;5.1;11.4;18.0;111.1;NO
2020-21;42.2;12.6;13.8;45.0;26.8;6.7;4.2;15.1;18.9;110.7;NO
2020-21;40.6;11.1;17.2;44.2;24.7;7.8;5.4;15.2;19.1;109.5;YES
2020-21;39.9;13.7;15.9;43.8;26.8;7.8;4.8;14.8;18.0;109.5;NO
2020-21;39.3;13.8;16.5;42.6;23.6;7.6;5.0;14.7;19.5;108.8;NO
2020-21;39.2;12.9;16.7;41.5;26.3;7.9;4.0;14.1;18.9;108.1;YES
2020-21;39.4;11.8;16.4;45.1;21.4;7.0;5.1;12.9;20.5;107.0;YES
2020-21;38.7;11.6;17.8;42.7;24.2;7.4;5.2;14.9;20.5;106.6;NO
2020-21;38.8;11.9;15.5;45.6;22.1;7.0;4.4;16.1;18.1;105.0;NO
2020-21;38.3;10.9;16.6;45.4;21.8;6.9;4.4;12.8;17.2;104.0;NO
2020-21;38.6;10.0;16.7;42.8;23.8;7.8;4.5;15.5;18.2;103.8;NO
2019-20;43.3;13.8;18.3;51.7;25.9;7.2;5.9;15.1;19.6;118.7;YES
2019-20;40.8;15.6;20.6;44.3;21.6;8.7;5.2;14.7;21.8;117.8;YES
2019-20;41.7;15.1;18.6;46.9;24.7;6.1;4.8;12.7;19.5;117.0;YES
2019-20;41.6;12.4;20.8;47.7;23.7;7.1;4.7;14.6;22.1;116.3;YES
2019-20;42.6;13.6;17.1;46.5;26.8;7.5;5.0;16.4;21.2;115.8;NO
2019-20;42.2;12.9;17.7;45.3;20.6;6.3;6.1;12.8;21.7;115.0;YES
2019-20;41.5;12.0;19.4;42.0;25.0;8.0;4.3;14.2;22.7;114.4;NO
2019-20;42.2;10.7;19.0;44.6;24.7;7.3;5.5;12.6;19.4;114.1;NO
2019-20;41.3;12.6;18.6;46.1;23.0;8.3;5.6;13.8;21.6;113.7;YES
2019-20;41.2;11.4;19.9;43.5;27.2;7.7;4.0;14.8;22.0;113.6;NO
2019-20;42.3;11.0;17.7;45.7;25.4;8.6;6.6;15.2;20.7;113.4;YES
2019-20;40.4;13.3;19.1;44.8;23.8;8.7;5.7;15.3;21.4;113.3;NO
2019-20;40.2;13.8;18.5;45.4;25.2;8.8;5.0;14.8;21.7;112.8;YES
2019-20;42.5;10.9;16.6;46.5;26.9;7.9;5.5;15.2;21.2;112.6;NO
2019-20;39.5;13.4;19.7;44.4;25.9;7.5;4.5;14.9;20.6;112.0;YES
2019-20;40.6;12.0;18.5;43.3;24.0;7.8;5.1;16.2;23.1;111.8;NO
2019-20;40.4;13.1;17.9;47.9;24.5;6.4;4.5;15.3;21.0;111.8;YES
2019-20;42.0;11.0;16.2;44.1;26.7;8.0;4.6;13.8;20.3;111.3;YES
2019-20;40.1;13.4;17.8;44.9;22.4;6.1;4.1;15.1;20.4;111.3;YES
2019-20;41.1;11.6;16.9;45.4;25.8;8.0;5.3;14.2;20.9;110.7;YES
2019-20;40.0;10.7;19.8;42.9;21.7;7.6;4.9;13.7;19.3;110.4;YES
2019-20;40.9;12.7;15.7;42.6;23.8;7.7;4.1;14.5;22.2;110.1;NO
2019-20;42.1;10.2;15.0;42.8;25.9;7.4;5.2;13.2;19.8;109.4;YES
2019-20;39.3;11.1;17.6;44.5;23.9;8.2;5.4;12.8;18.3;107.3;YES
2019-20;39.3;12.0;16.6;41.7;24.1;7.4;4.5;15.3;19.7;107.2;NO
2019-20;40.3;11.2;15.1;44.2;23.1;6.9;3.2;16.5;18.3;106.9;NO
2019-20;39.6;12.2;15.5;41.9;23.2;10.0;4.1;15.5;21.8;106.8;NO
2019-20;38.6;10.4;18.7;42.8;25.6;8.2;4.6;14.9;20.1;106.3;NO
2019-20;40.0;9.6;16.3;46.5;22.1;7.6;4.7;14.3;22.2;105.8;NO
2019-20;37.3;12.1;16.2;42.8;23.8;6.6;4.1;14.6;18.8;102.9;NO
2018-19;43.4;13.5;17.9;49.7;26.0;7.5;5.9;13.9;19.6;118.1;YES
2018-19;44.0;13.3;16.3;46.2;29.4;7.6;6.4;14.3;21.4;117.7;YES
2018-19;43.7;10.3;17.8;47.3;27.0;7.4;5.4;14.8;21.1;115.4;NO
2018-19;41.5;10.8;21.2;47.8;26.9;7.4;5.3;14.9;21.3;115.2;YES
2018-19;41.3;10.0;22.6;45.5;24.0;6.8;4.7;14.5;23.3;115.1;YES
2018-19;42.3;11.0;19.0;48.0;23.0;6.7;5.0;13.8;20.4;114.7;YES
2018-19;42.6;11.4;17.8;48.1;23.4;9.3;5.2;14.0;22.4;114.5;YES
2018-19;42.2;12.4;17.7;45.2;25.4;8.3;5.3;14.0;21.0;114.4;YES
2018-19;43.2;11.3;16.5;45.4;25.4;8.3;4.4;13.4;21.4;114.2;NO
2018-19;42.1;11.3;18.4;42.4;26.3;8.3;4.6;14.1;20.7;114.0;NO
2018-19;39.2;16.1;19.3;42.1;21.2;8.5;4.9;13.3;22.0;113.9;YES
2018-19;41.4;13.0;17.6;46.1;25.8;8.2;5.1;17.0;23.6;113.3;NO
2018-19;41.6;10.1;19.1;44.8;24.6;8.3;5.0;13.1;20.3;112.5;NO
2018-19;42.1;12.6;15.6;44.5;26.3;8.6;5.3;12.8;20.4;112.4;YES
2018-19;40.3;12.8;19.0;46.6;23.8;6.6;4.1;15.1;21.5;112.2;YES
2018-19;42.6;10.3;16.3;46.6;25.6;7.5;5.4;15.7;20.7;111.8;NO
2018-19;42.3;9.9;17.2;44.7;24.5;6.1;4.7;12.1;18.1;111.7;YES
2018-19;40.4;12.1;18.8;46.4;26.0;8.1;5.9;15.1;21.1;111.7;YES
2018-19;41.9;11.0;15.8;46.4;27.4;7.7;4.4;13.4;20.0;110.7;YES
2018-19;40.2;11.9;18.4;43.8;23.2;7.2;4.9;12.2;18.9;110.7;NO
2018-19;38.8;12.5;18.8;45.3;23.4;6.5;4.3;14.2;20.1;108.9;NO
2018-19;41.3;9.5;15.8;43.0;26.0;8.7;4.9;13.7;19.4;108.0;YES
2018-19;40.1;9.6;17.6;40.4;23.9;9.0;5.1;15.6;23.6;107.5;NO
2018-19;40.4;11.4;15.0;45.4;25.5;6.6;5.4;13.2;18.6;107.3;YES
2018-19;38.8;12.1;17.3;45.0;22.5;6.9;4.0;13.8;22.1;107.0;YES
2018-19;39.6;11.3;15.1;46.3;24.3;7.6;5.5;14.7;20.9;105.7;NO
2018-19;39.8;9.1;16.2;42.9;21.9;7.4;4.3;14.1;20.3;104.9;NO
2018-19;38.2;10.0;18.1;44.7;20.1;6.8;5.1;14.0;20.9;104.6;NO
2018-19;38.9;10.3;16.4;42.7;20.7;6.5;2.4;13.5;20.0;104.5;NO
2018-19;38.0;9.9;17.7;41.8;23.9;8.3;5.5;14.0;22.0;103.5;NO
2017-18;42.8;11.3;16.6;43.5;29.3;8.0;7.5;15.5;19.6;113.5;YES
2017-18;38.7;15.3;19.6;43.5;21.5;8.5;4.8;13.8;19.5;112.4;YES
2017-18;42.7;10.2;16.1;44.3;26.8;8.0;5.9;14.9;19.1;111.7;YES
2017-18;41.3;11.8;17.3;44.0;24.3;7.6;6.1;13.4;21.7;111.7;YES
2017-18;40.4;12.0;18.1;42.1;23.4;7.1;3.8;13.7;18.6;110.9;YES
2017-18;40.7;11.5;17.1;44.5;25.1;7.6;4.9;15.0;18.7;110.0;NO
2017-18;40.8;11.0;17.1;47.4;27.1;8.3;5.1;16.5;22.1;109.8;YES
2017-18;41.0;8.0;19.4;42.0;22.7;8.4;4.2;12.5;18.2;109.5;YES
2017-18;40.3;9.5;19.0;43.9;22.3;7.7;4.5;14.7;20.0;109.0;NO
2017-18;39.0;10.0;20.2;45.5;21.6;6.8;4.5;12.7;17.2;108.2;NO
2017-18;40.7;10.0;16.6;46.4;23.8;7.7;4.7;15.8;21.2;108.1;NO
2017-18;39.9;10.7;17.3;45.1;21.3;9.1;5.0;14.0;20.2;107.9;YES
2017-18;39.9;9.9;16.8;43.1;25.2;7.9;4.3;14.6;21.3;106.6;YES
2017-18;38.2;12.7;17.4;44.4;23.7;6.2;4.8;15.2;20.6;106.6;NO
2017-18;39.7;8.8;18.3;39.8;23.2;8.8;5.4;13.8;21.4;106.5;YES
2017-18;40.8;9.0;14.9;42.3;22.2;8.8;4.1;13.3;18.8;105.6;YES
2017-18;39.3;10.3;16.7;45.5;19.5;7.0;5.2;13.5;19.5;105.6;YES
2017-18;40.7;8.2;14.9;44.0;23.3;6.7;5.1;14.7;20.5;104.5;NO
2017-18;38.3;10.8;16.8;43.3;22.4;8.6;5.1;14.7;19.6;104.1;YES
2017-18;38.3;11.5;16.0;44.5;22.5;7.4;4.5;14.0;19.7;104.0;YES
2017-18;38.5;9.3;17.7;44.1;21.3;6.9;4.5;15.7;22.0;103.9;NO
2017-18;39.1;10.8;14.7;43.7;22.8;7.7;3.9;13.5;18.4;103.8;NO
2017-18;38.8;11.0;14.7;43.5;22.7;7.6;5.3;14.4;20.1;103.4;YES
2017-18;38.8;10.3;15.5;41.6;23.4;7.6;4.9;14.5;19.3;103.4;NO
2017-18;38.2;11.2;15.8;41.9;23.7;7.8;4.2;15.6;19.6;103.4;NO
2017-18;38.7;11.0;14.6;44.7;23.5;7.6;3.5;14.0;19.2;102.9;NO
2017-18;39.0;8.5;16.1;44.2;22.8;7.7;5.6;13.1;17.2;102.7;YES
2017-18;38.1;11.8;14.2;41.3;22.7;7.0;3.8;12.3;19.2;102.3;NO
2017-18;36.7;9.2;16.6;40.5;21.5;7.5;4.8;15.0;23.2;99.3;NO
2017-18;38.8;9.0;12.3;40.9;21.6;7.8;4.1;13.7;20.0;98.8;NO
2016-17;43.1;12.0;17.8;44.4;30.4;9.6;6.8;14.8;19.3;115.9;YES
2016-17;40.3;14.4;20.3;44.4;25.2;8.2;4.3;15.1;19.9;115.3;YES
2016-17;41.2;10.6;18.7;46.4;25.3;6.9;3.9;15.0;19.1;111.7;NO
2016-17;39.9;13.0;17.5;43.7;22.7;6.6;4.0;13.7;18.1;110.3;YES
2016-17;41.3;9.2;17.3;42.9;23.9;8.5;4.1;14.2;21.3;109.2;YES
2016-17;39.5;10.3;19.3;43.0;22.5;7.5;4.2;13.0;19.8;108.7;YES
2016-17;38.6;12.0;18.7;42.0;25.2;7.5;4.1;13.3;20.6;108.0;YES
2016-17;39.5;10.4;18.5;43.7;21.1;7.0;5.0;13.7;21.2;107.9;YES
2016-17;39.9;7.5;20.4;45.0;19.6;8.2;4.9;15.4;24.8;107.7;NO
2016-17;39.2;8.8;19.7;43.3;18.5;8.3;4.9;12.7;20.8;106.9;YES
2016-17;39.5;8.4;19.2;46.6;21.0;7.9;5.0;15.0;20.9;106.6;YES
2016-17;37.8;10.7;19.4;43.9;21.4;7.2;4.7;16.5;21.0;105.8;NO
2016-17;39.5;7.3;19.3;42.4;23.7;8.0;4.5;14.0;20.1;105.6;NO
2016-17;39.3;9.2;17.6;43.9;23.8;8.0;5.9;13.4;18.3;105.3;YES
2016-17;39.3;8.6;17.9;42.0;22.5;8.2;5.0;13.8;19.5;105.1;YES
2016-17;37.7;10.0;19.4;43.6;23.1;7.0;4.8;11.5;16.6;104.9;NO
2016-17;39.3;8.9;17.0;43.5;20.9;8.2;3.9;15.2;20.7;104.6;NO
2016-17;39.1;9.4;16.7;43.7;22.8;7.8;5.5;12.9;18.2;104.3;NO
2016-17;39.6;8.6;16.6;45.2;21.8;7.1;5.5;13.9;20.3;104.3;NO
2016-17;38.8;8.8;17.2;40.4;24.2;8.1;5.3;14.0;20.2;103.6;YES
2016-17;38.1;8.9;18.1;44.3;23.6;8.2;4.8;15.8;18.2;103.2;YES
2016-17;39.0;9.9;15.2;43.6;21.2;7.2;5.7;13.4;20.5;103.2;NO
2016-17;38.6;7.6;18.0;46.3;22.6;7.8;4.8;13.6;17.7;102.9;YES
2016-17;37.9;9.0;18.1;41.1;22.5;7.6;4.0;14.6;20.3;102.8;NO
2016-17;37.7;10.1;17.0;42.8;23.8;8.4;5.1;16.7;21.9;102.4;NO
2016-17;39.9;7.7;13.9;45.7;21.1;7.0;3.8;11.9;17.9;101.3;NO
2016-17;38.3;8.5;16.0;43.2;22.2;7.1;4.8;13.3;19.3;101.1;NO
2016-17;37.0;9.6;17.1;43.2;20.1;6.7;5.0;13.6;18.8;100.7;YES
2016-17;36.4;9.4;18.3;42.8;21.3;8.0;4.2;12.9;22.4;100.5;YES
2016-17;36.2;10.7;14.8;38.6;20.8;7.5;3.7;11.9;19.1;97.9;NO
2015-16;42.5;13.1;16.7;46.2;28.9;8.4;6.1;15.2;20.7;114.9;YES
2015-16;41.1;8.3;19.7;48.6;23.0;7.4;5.9;15.9;20.6;110.2;YES
2015-16;40.0;8.0;18.5;44.2;24.5;8.9;4.5;16.2;20.4;106.6;NO
2015-16;37.7;10.7;20.4;43.1;22.2;10.0;5.2;15.9;21.8;106.5;YES
2015-16;39.2;8.7;18.5;44.9;24.2;9.2;4.2;13.7;21.9;105.7;YES
2015-16;38.6;10.5;17.4;45.5;21.3;6.9;4.6;14.6;21.7;105.1;YES
2015-16;38.3;9.7;18.2;42.0;22.8;8.6;5.6;13.0;21.3;104.5;YES
2015-16;38.7;10.7;16.3;44.5;22.7;6.7;3.9;13.6;20.3;104.3;YES
2015-16;39.5;8.6;16.5;41.8;24.5;8.6;3.9;14.5;20.8;104.1;NO
2015-16;40.1;7.0;16.4;43.9;24.5;8.3;5.9;13.1;17.5;103.5;YES
2015-16;37.0;10.6;18.7;43.9;21.7;7.3;5.3;12.6;18.1;103.4;YES
2015-16;38.6;9.9;15.6;42.1;25.6;9.1;5.9;15.0;19.1;102.8;YES
2015-16;36.7;8.6;20.8;43.4;18.7;7.8;5.5;13.1;19.6;102.7;YES
2015-16;38.5;8.6;17.3;42.6;22.2;7.7;4.2;13.4;20.9;102.7;NO
2015-16;37.7;5.5;21.4;41.6;23.4;8.0;4.6;15.0;20.7;102.4;NO
2015-16;37.4;9.8;17.7;43.1;22.1;6.8;3.7;12.8;19.5;102.3;YES
2015-16;38.3;8.1;17.4;44.2;21.2;9.0;4.8;14.9;20.0;102.2;YES
2015-16;39.5;7.8;15.2;43.3;23.6;8.2;5.1;14.1;20.7;102.1;NO
2015-16;37.9;9.0;17.1;46.3;19.4;7.0;3.7;13.5;19.0;102.0;YES
2015-16;37.7;8.0;18.5;44.6;22.7;7.4;4.8;14.7;21.0;101.9;NO
2015-16;38.6;7.9;16.5;46.3;22.8;6.0;5.7;13.9;18.8;101.6;NO
2015-16;37.2;9.0;17.5;44.8;20.7;7.7;3.8;17.2;22.7;100.9;NO
2015-16;38.4;6.1;17.1;44.1;20.8;6.7;6.5;14.1;18.3;100.0;YES
2015-16;36.8;6.1;19.3;41.6;20.7;8.8;4.3;13.3;21.7;99.1;YES
2015-16;38.4;5.4;17.0;41.7;23.1;8.2;5.8;15.2;20.7;99.0;NO
2015-16;38.2;6.5;15.7;42.4;22.3;7.6;4.0;14.8;18.0;98.6;NO
2015-16;36.9;7.4;17.2;44.4;20.5;5.7;5.7;13.4;19.7;98.4;NO
2015-16;36.1;8.5;17.1;43.2;19.0;7.7;5.2;14.9;20.2;97.7;NO
2015-16;36.2;9.3;15.7;41.2;21.5;8.3;6.0;16.4;21.7;97.4;NO
2015-16;35.1;7.8;19.3;43.0;18.0;7.2;4.1;13.7;20.3;97.3;NO
2014-15;41.6;10.8;16.0;44.7;27.4;9.3;6.0;14.5;19.9;110.0;YES
2014-15;39.4;10.1;17.9;42.6;24.8;7.8;5.0;12.3;21.3;106.7;YES
2014-15;39.7;8.9;16.9;42.3;22.5;8.1;4.5;13.0;20.0;105.2;YES
2014-15;38.8;7.7;18.6;47.5;20.5;7.3;5.5;14.7;22.3;104.0;NO
2014-15;37.9;8.9;19.3;41.5;20.7;7.5;4.4;12.9;20.9;104.0;YES
2014-15;37.0;11.4;18.6;43.7;22.2;9.5;5.0;16.7;22.0;103.9;YES
2014-15;39.1;8.3;16.7;43.6;24.4;8.0;5.4;14.0;19.1;103.2;YES
2014-15;37.7;10.1;17.7;43.0;22.1;7.4;4.1;14.3;18.4;103.1;YES
2014-15;38.7;9.8;15.5;45.9;21.9;6.4;4.5;13.6;18.2;102.8;YES
2014-15;38.1;10.0;16.5;40.6;25.7;9.1;4.6;14.2;17.8;102.5;YES
2014-15;38.8;8.5;16.4;43.2;20.2;8.5;4.7;15.1;21.3;102.4;NO
2014-15;37.8;8.0;17.8;44.7;21.8;7.8;4.5;14.2;23.0;101.5;NO
2014-15;38.9;8.0;15.4;43.8;24.5;8.2;3.6;13.8;21.2;101.4;YES
2014-15;36.7;5.6;22.3;44.2;20.3;6.7;4.0;16.3;20.7;101.3;NO
2014-15;36.6;7.9;19.7;45.7;21.7;6.3;5.8;14.0;18.2;100.8;YES
2014-15;37.9;7.1;16.4;43.5;22.0;6.7;6.2;13.3;18.7;99.4;YES
2014-15;38.3;6.1;15.9;44.7;24.0;7.3;4.6;15.0;20.8;98.5;YES
2014-15;37.2;6.5;17.5;43.9;20.9;7.0;4.5;13.2;21.2;98.5;NO
2014-15;37.1;8.6;15.8;44.9;21.6;7.6;4.7;13.4;19.0;98.5;NO
2014-15;37.8;5.2;17.6;42.6;21.7;8.5;4.2;13.3;19.1;98.3;YES
2014-15;37.4;6.6;16.6;42.4;20.9;7.0;4.1;13.8;19.3;98.0;YES
2014-15;36.4;5.0;20.0;40.9;21.6;8.1;4.0;15.0;19.2;97.8;NO
2014-15;37.6;6.6;16.0;42.1;23.6;9.6;4.9;16.7;22.1;97.8;YES
2014-15;36.6;7.5;16.7;44.9;21.4;6.2;4.6;14.0;21.2;97.3;NO
2014-15;37.5;6.8;13.9;41.8;20.6;7.9;3.8;14.9;20.9;95.7;NO
2014-15;35.4;7.4;17.0;44.0;19.9;7.6;6.0;15.3;19.3;95.1;NO
2014-15;35.2;6.8;17.5;39.1;19.8;7.8;4.5;14.8;20.0;94.7;NO
2014-15;35.5;6.1;17.0;44.1;20.2;6.1;5.5;11.9;18.2;94.2;NO
2014-15;33.7;8.4;16.1;42.9;20.5;9.6;5.9;17.7;21.7;92.0;NO
2014-15;35.1;6.8;14.8;40.4;21.3;7.0;4.7;14.7;21.6;91.9;NO
2013-14;39.1;8.5;21.2;43.0;24.6;8.6;4.8;13.9;21.5;107.9;YES
2013-14;38.0;9.5;22.1;45.3;21.4;7.6;5.6;16.1;20.4;107.7;YES
2013-14;38.9;7.3;21.8;44.7;23.9;8.8;3.6;13.9;18.3;106.9;NO
2013-14;39.1;9.4;19.1;46.4;23.2;5.5;4.7;13.7;19.2;106.7;YES
2013-14;39.0;8.1;20.2;44.7;21.9;8.3;6.1;15.3;22.7;106.2;YES
2013-14;40.6;8.5;15.7;43.3;25.2;7.4;5.1;14.4;18.2;105.4;YES
2013-14;38.7;9.3;18.5;43.0;19.1;8.4;4.6;15.3;21.9;105.2;NO
2013-14;39.6;8.8;16.8;40.9;23.6;8.6;4.3;13.5;20.0;104.8;YES
2013-14;38.4;8.6;19.1;45.4;22.4;7.5;5.6;15.9;23.0;104.4;NO
2013-14;39.5;9.4;15.9;45.3;23.3;7.8;5.0;15.2;21.8;104.3;YES
2013-14;38.3;9.4;17.0;41.0;24.5;7.5;5.4;15.1;19.8;103.0;NO
2013-14;38.3;8.1;17.5;36.9;22.5;8.9;4.5;14.8;19.5;102.2;YES
2013-14;36.5;8.7;19.6;42.5;21.2;7.0;4.2;14.1;23.0;101.3;YES
2013-14;37.3;9.4;17.0;40.0;24.9;8.3;4.0;15.3;19.2;101.0;YES
2013-14;38.8;6.2;17.3;45.4;20.9;8.4;4.8;14.5;20.3;101.0;NO
2013-14;38.7;7.9;15.3;42.2;23.3;8.1;4.6;14.7;20.4;100.7;YES
2013-14;36.9;6.0;20.7;44.5;18.9;7.2;3.9;15.2;22.5;100.5;NO
2013-14;37.8;5.9;18.2;41.7;21.3;7.9;6.4;13.8;22.6;99.7;NO
2013-14;37.9;7.0;16.6;42.7;21.8;9.3;4.0;16.9;22.5;99.5;NO
2013-14;36.9;9.3;15.5;40.3;20.0;7.7;4.5;13.0;22.1;98.6;NO
2013-14;35.7;8.6;18.4;38.1;20.9;8.6;3.8;14.5;21.7;98.5;YES
2013-14;37.0;7.1;17.0;44.1;21.2;7.1;3.7;14.2;20.0;98.2;NO
2013-14;36.3;6.3;18.0;42.7;21.7;6.1;5.1;12.3;18.2;96.9;YES
2013-14;36.0;6.7;18.1;44.7;20.1;6.7;5.4;15.1;20.4;96.7;YES
2013-14;36.9;6.9;15.9;42.0;21.0;7.7;4.3;14.9;20.5;96.5;NO
2013-14;36.5;7.0;16.2;42.5;21.0;7.1;4.2;15.4;21.3;96.2;NO
2013-14;38.1;4.9;15.1;42.4;21.9;7.7;4.6;13.7;19.1;96.1;YES
2013-14;36.0;6.7;16.8;41.1;21.5;6.6;4.9;15.1;20.9;95.5;NO
2013-14;36.0;6.6;16.4;41.2;20.3;7.0;4.5;14.6;20.7;95.0;NO
2013-14;34.7;6.2;18.1;44.1;22.7;7.2;5.2;14.9;19.1;93.7;YES
2012-13;40.7;6.4;18.4;45.0;24.4;9.3;6.5;15.3;20.5;106.1;YES
2012-13;38.1;10.6;19.2;43.4;23.2;8.3;4.4;16.4;20.3;106.0;YES
2012-13;38.1;7.3;22.2;43.6;21.4;8.3;7.6;15.3;20.2;105.7;YES
2012-13;39.1;8.1;16.6;41.3;25.1;8.5;5.4;14.7;17.4;103.0;YES
2012-13;38.4;8.7;17.4;38.6;23.0;8.7;5.4;13.9;18.7;102.9;YES
2012-13;37.1;8.7;19.3;44.8;22.2;7.0;5.2;15.0;17.9;102.2;YES
2012-13;38.2;8.0;16.8;45.0;22.5;6.9;4.2;15.1;21.4;101.2;YES
2012-13;38.5;7.6;16.4;41.6;23.9;9.6;5.6;14.6;20.9;101.1;YES
2012-13;38.8;7.4;16.1;41.9;23.2;7.9;5.5;14.0;20.7;101.1;NO
2012-13;37.6;7.4;17.5;40.6;20.8;8.2;4.2;14.6;20.9;100.2;NO
2012-13;36.5;10.9;16.0;40.6;19.3;8.2;3.6;12.0;20.1;100.0;YES
2012-13;38.1;7.3;15.3;44.0;22.9;8.4;6.7;14.1;19.0;98.9;YES
2012-13;37.1;6.2;17.5;42.0;22.7;8.4;6.3;14.8;21.3;98.0;NO
2012-13;37.6;8.6;14.1;40.9;24.5;8.1;4.5;14.9;18.0;98.0;YES
2012-13;36.7;8.2;15.9;40.8;21.8;6.6;4.3;14.7;18.5;97.5;NO
2012-13;36.3;7.0;17.6;40.2;21.5;7.3;4.8;13.7;22.4;97.2;NO
2012-13;35.9;7.7;17.5;42.8;20.3;7.3;4.8;14.7;18.3;96.9;YES
2012-13;37.0;6.1;16.3;39.3;22.8;8.2;4.5;14.6;21.2;96.5;YES
2012-13;36.5;6.7;16.8;41.0;20.7;7.9;4.1;14.0;21.2;96.5;NO
2012-13;35.9;5.5;18.5;42.0;22.4;8.5;4.7;14.8;18.4;95.7;NO
2012-13;37.3;5.9;14.7;41.6;22.6;8.0;5.3;15.6;20.6;95.2;NO
2012-13;36.3;6.3;15.9;42.1;21.2;7.0;4.9;15.1;19.8;94.9;NO
2012-13;35.1;6.9;17.6;45.9;20.3;7.2;6.3;15.1;20.0;94.7;YES
2012-13;36.0;6.5;15.5;41.6;21.0;6.3;5.4;14.5;20.4;94.1;NO
2012-13;37.7;6.2;12.5;42.7;22.8;6.4;4.4;14.5;19.4;94.1;NO
2012-13;36.1;4.7;16.5;42.7;20.9;8.6;5.3;14.0;20.2;93.4;YES
2012-13;34.4;5.7;18.9;40.3;19.4;7.2;5.8;14.1;19.0;93.4;NO
2012-13;37.3;6.3;12.2;41.3;22.8;7.4;4.7;13.0;18.4;93.2;NO
2012-13;35.7;5.4;16.4;43.2;23.0;7.2;5.1;14.3;19.7;93.2;YES
2012-13;35.5;6.6;15.6;43.2;21.6;7.3;4.6;15.1;20.5;93.2;NO
2011-12;39.0;6.6;19.6;43.1;24.0;8.2;5.0;15.4;19.7;104.1;YES
2011-12;39.6;8.4;16.2;43.0;23.2;7.4;4.4;13.6;17.3;103.7;YES
2011-12;37.3;7.2;21.3;43.7;18.5;7.5;8.2;16.3;20.5;103.1;YES
2011-12;38.2;4.1;19.1;44.2;21.8;8.3;5.8;14.2;21.8;99.7;YES
2011-12;37.9;6.6;16.6;42.5;23.5;8.3;5.1;14.1;19.3;99.0;NO
2011-12;37.7;6.2;17.1;42.9;19.3;8.5;4.9;14.4;19.5;98.8;NO
2011-12;37.1;5.6;18.8;41.6;20.0;8.9;5.4;15.2;19.4;98.5;YES
2011-12;37.8;6.7;16.0;41.7;22.5;6.5;5.5;14.1;18.7;98.4;NO
2011-12;37.7;7.2;15.4;42.2;21.3;7.5;4.8;14.5;20.4;98.1;NO
2011-12;35.7;7.2;19.4;43.7;19.5;6.6;4.4;15.2;18.4;97.9;NO
2011-12;37.7;7.9;14.4;39.2;22.3;8.0;5.5;13.9;21.4;97.8;NO
2011-12;35.8;7.8;18.3;41.7;20.1;9.4;4.2;16.0;21.1;97.8;YES
2011-12;35.7;5.9;20.4;43.9;18.6;7.9;5.4;14.0;21.7;97.7;YES
2011-12;37.0;7.8;15.8;41.6;21.0;8.4;4.8;13.3;21.2;97.5;YES
2011-12;36.8;5.5;18.2;46.2;22.5;5.9;5.3;15.1;16.8;97.3;YES
2011-12;36.4;7.2;17.2;40.7;20.4;8.0;4.9;14.2;19.0;97.2;NO
2011-12;36.8;7.5;15.5;41.2;22.4;8.1;4.6;14.0;17.8;96.6;YES
2011-12;37.4;6.3;15.2;46.7;23.1;6.9;5.9;14.0;17.3;96.3;YES
2011-12;36.3;7.5;15.6;42.8;20.9;8.6;5.1;14.0;18.6;95.8;YES
2011-12;36.7;4.2;17.3;42.0;19.5;9.6;5.2;14.5;19.9;95.0;YES
2011-12;34.5;10.2;15.1;42.5;20.0;6.8;4.2;14.9;17.7;94.2;YES
2011-12;36.6;5.2;15.3;41.7;19.1;8.0;6.3;15.3;21.3;93.6;NO
2011-12;37.4;5.3;13.5;43.2;22.0;8.0;5.2;11.2;17.5;93.6;YES
2011-12;34.3;7.7;16.9;40.3;19.9;7.5;3.9;15.1;19.2;93.1;NO
2011-12;34.3;6.7;17.8;42.3;19.8;7.1;4.0;15.4;20.0;93.0;NO
2011-12;35.5;5.5;15.4;38.8;23.6;7.5;5.5;14.8;19.9;91.8;YES
2011-12;34.7;4.8;16.6;40.3;18.7;7.0;4.2;15.7;19.6;90.9;NO
2011-12;34.4;5.5;16.4;42.0;20.9;6.5;4.9;15.2;23.2;90.7;NO
2011-12;34.8;3.9;16.0;41.1;20.7;7.4;4.8;15.5;20.1;89.6;NO
2011-12;33.2;4.0;16.5;39.0;20.1;6.0;5.5;14.5;18.9;87.0;NO
2010-11;38.4;8.1;22.7;42.0;22.1;7.4;4.3;14.1;21.0;107.5;YES
2010-11;38.3;9.3;20.6;40.5;21.4;7.6;5.8;13.7;21.3;106.5;YES
2010-11;38.7;8.3;20.3;42.8;23.8;7.1;4.5;13.5;20.0;105.9;NO
2010-11;39.3;8.5;18.0;40.2;23.7;6.6;4.4;14.3;20.3;105.0;NO
2010-11;37.4;5.9;24.1;42.8;20.4;8.0;5.9;14.1;22.4;104.8;YES
2010-11;38.4;8.4;18.5;41.9;22.4;7.3;4.5;13.4;19.0;103.7;YES
2010-11;39.6;8.4;15.7;40.5;22.5;9.0;5.0;14.6;22.0;103.4;NO
2010-11;37.0;6.7;21.5;42.1;20.0;6.6;5.2;13.9;20.4;102.1;YES
2010-11;38.1;6.4;18.8;44.0;22.0;7.3;5.1;13.1;19.0;101.5;YES
2010-11;37.7;7.2;18.5;44.4;20.1;7.2;5.1;17.0;22.3;101.1;NO
2010-11;37.4;7.9;17.5;41.4;23.8;6.8;4.3;14.0;19.2;100.2;YES
2010-11;39.0;3.8;18.1;41.0;20.6;9.4;5.4;14.0;20.8;99.9;YES
2010-11;36.6;7.1;19.4;43.5;19.6;7.1;5.6;15.4;21.7;99.8;YES
2010-11;37.4;5.3;19.4;39.5;23.4;7.7;5.9;14.3;22.7;99.4;NO
2010-11;38.2;5.2;17.7;43.9;20.4;7.4;4.8;16.1;22.0;99.4;NO
2010-11;36.0;9.4;17.7;43.2;20.0;6.7;4.7;14.9;20.0;99.2;YES
2010-11;38.3;4.2;18.2;40.3;21.9;7.1;4.3;14.7;22.0;99.1;NO
2010-11;38.1;5.4;17.4;41.8;22.7;7.6;4.3;13.0;19.4;99.0;YES
2010-11;36.8;6.3;18.9;42.1;22.1;7.1;4.9;16.4;21.1;98.6;NO
2010-11;37.1;6.2;18.2;44.2;22.3;7.2;5.7;14.2;20.0;98.6;YES
2010-11;37.2;4.8;18.2;41.3;19.4;8.1;6.1;15.3;22.6;97.3;NO
2010-11;37.3;5.8;16.7;38.6;21.1;7.3;4.0;13.0;19.9;97.0;NO
2010-11;36.9;5.0;17.8;38.8;23.4;8.2;4.2;14.6;20.5;96.5;YES
2010-11;36.0;6.3;18.0;39.3;21.2;8.0;4.4;13.0;19.3;96.3;YES
2010-11;35.2;6.2;18.9;40.3;21.0;6.6;4.2;14.2;20.1;95.5;NO
2010-11;36.2;6.1;16.4;39.3;22.0;6.1;4.2;13.6;19.0;95.0;YES
2010-11;35.9;5.4;17.7;40.1;20.6;7.6;4.4;13.0;21.0;94.9;YES
2010-11;35.6;5.6;17.4;40.8;21.0;5.6;4.7;14.0;22.0;94.2;NO
2010-11;35.0;4.8;18.4;40.1;21.1;6.4;5.3;14.5;20.0;93.3;NO
2010-11;34.3;5.9;17.4;40.8;18.8;7.5;4.9;13.5;20.5;91.9;NO
2009-10;40.7;8.9;19.9;43.0;23.3;5.8;5.1;14.8;20.9;110.2;YES
2009-10;40.6;7.7;19.9;38.4;22.4;9.3;4.1;14.7;23.0;108.8;NO
2009-10;38.1;6.6;23.6;41.4;21.0;8.3;5.1;13.9;22.5;106.5;YES
2009-10;39.4;5.4;20.2;42.2;26.7;8.2;4.9;15.2;22.7;104.2;YES
2009-10;39.0;6.3;19.7;40.4;22.0;5.7;4.7;13.4;22.2;104.1;NO
2009-10;36.6;10.3;19.2;43.2;19.7;6.2;5.6;14.1;19.9;102.8;YES
2009-10;39.3;4.2;19.7;43.5;18.8;7.9;4.9;15.2;20.2;102.5;NO
2009-10;37.7;7.9;19.0;42.0;21.8;7.1;3.9;14.5;20.9;102.4;NO
2009-10;37.8;7.3;19.1;42.5;22.4;6.9;5.2;13.9;19.4;102.1;YES
2009-10;38.1;9.1;16.8;40.4;21.6;7.1;3.7;14.0;20.0;102.1;NO
2009-10;38.3;6.8;18.6;41.7;23.4;7.6;5.5;12.9;19.1;102.0;YES
2009-10;38.3;6.5;18.5;44.3;21.1;7.5;4.9;13.4;19.4;101.7;YES
2009-10;38.8;6.4;17.7;41.7;21.8;7.2;5.0;12.0;19.9;101.7;YES
2009-10;37.4;5.1;21.7;43.5;20.0;8.0;5.9;15.0;21.3;101.5;YES
2009-10;38.4;6.8;17.8;42.8;22.3;6.3;4.6;13.6;20.4;101.4;YES
2009-10;36.8;8.0;19.1;41.5;21.1;7.1;5.4;15.0;22.5;100.8;NO
2009-10;38.8;7.0;15.8;40.3;22.3;7.6;3.7;13.5;19.6;100.2;NO
2009-10;38.3;5.9;17.4;42.6;20.5;6.9;4.5;15.0;22.3;100.0;NO
2009-10;37.1;6.1;19.0;38.6;23.5;8.5;4.9;14.9;22.1;99.2;YES
2009-10;37.9;4.9;17.5;42.9;19.8;7.3;3.7;16.3;20.7;98.2;NO
2009-10;36.3;6.0;19.6;40.2;20.4;6.4;4.3;12.3;20.9;98.1;YES
2009-10;37.2;7.9;15.4;43.0;21.2;7.1;4.7;13.2;22.2;97.7;YES
2009-10;37.6;5.8;16.7;41.0;21.0;8.1;5.4;14.5;20.5;97.7;NO
2009-10;37.6;4.3;18.0;44.5;20.8;6.5;5.8;14.3;20.1;97.5;YES
2009-10;36.4;6.0;17.7;41.8;18.9;7.4;5.6;13.2;20.9;96.5;YES
2009-10;36.7;5.3;17.6;41.8;19.0;6.0;5.1;14.9;21.4;96.2;NO
2009-10;36.6;5.9;16.6;41.8;22.1;6.5;5.7;15.7;19.3;95.7;NO
2009-10;34.9;5.6;20.0;40.8;20.2;7.7;5.4;15.7;19.5;95.3;YES
2009-10;35.9;4.6;17.7;40.2;19.4;7.3;3.8;13.4;22.2;94.0;NO
2009-10;34.3;4.6;19.2;39.7;18.8;7.0;4.8;14.4;20.0;92.4;NO
2008-09;41.1;6.7;20.4;41.7;23.2;7.2;5.1;15.7;20.6;109.4;NO
2008-09;39.4;6.7;23.1;42.0;20.9;7.8;6.4;14.6;22.5;108.6;NO
2008-09;40.3;6.7;19.6;43.9;23.3;8.8;5.1;13.5;20.7;106.9;YES
2008-09;38.5;10.0;18.2;42.1;21.2;7.4;2.5;14.3;20.4;105.2;NO
2008-09;39.3;8.0;18.6;43.7;21.6;7.0;5.3;14.5;23.1;105.1;NO
2008-09;37.3;6.7;23.1;41.6;22.2;8.7;6.0;15.3;22.9;104.3;YES
2008-09;38.3;4.8;22.1;41.0;24.7;8.8;4.6;14.8;22.3;103.6;YES
2008-09;38.1;6.0;19.9;42.1;21.1;7.5;5.5;14.5;20.8;102.2;YES
2008-09;38.1;7.0;18.5;42.7;21.7;7.2;5.2;12.7;19.5;101.7;YES
2008-09;35.7;10.0;19.6;43.3;19.4;7.0;5.4;13.9;20.3;101.0;YES
2008-09;37.5;6.6;19.4;42.1;22.7;7.6;4.7;15.6;23.1;100.9;YES
2008-09;36.5;7.1;20.5;39.1;19.7;6.9;4.3;15.4;23.3;100.6;NO
2008-09;36.9;8.0;18.6;42.2;20.3;7.2;5.3;12.7;20.3;100.3;YES
2008-09;36.8;7.3;18.5;41.7;20.3;6.7;4.9;12.9;20.4;99.4;YES
2008-09;36.7;6.2;19.7;40.7;22.0;7.4;3.8;14.1;24.2;99.3;NO
2008-09;37.2;5.8;18.7;40.4;22.4;6.4;4.8;13.4;19.4;99.0;NO
2008-09;36.1;7.6;18.7;43.0;20.3;6.7;4.3;14.1;18.9;98.4;YES
2008-09;37.0;7.1;17.2;39.5;20.4;7.9;5.5;12.5;20.7;98.3;YES
2008-09;36.0;7.3;18.7;40.0;20.2;7.4;4.6;12.8;19.6;98.1;YES
2008-09;35.7;8.0;18.8;39.8;20.0;6.8;4.8;13.1;22.4;98.1;NO
2008-09;36.4;6.6;18.3;41.7;20.4;6.2;3.9;14.2;21.8;97.8;NO
2008-09;36.5;4.2;20.1;41.2;20.1;8.0;5.1;14.1;20.1;97.4;YES
2008-09;36.6;4.0;19.8;42.6;20.3;7.4;4.5;16.2;20.2;97.0;NO
2008-09;37.1;7.6;15.2;41.0;21.2;5.8;4.0;11.7;18.9;97.0;YES
2008-09;36.5;4.8;18.2;40.1;20.0;7.5;4.5;14.0;20.5;96.1;NO
2008-09;35.5;6.8;18.0;39.7;19.6;7.2;4.1;12.5;20.3;95.8;YES
2008-09;36.0;6.5;16.5;39.8;21.0;7.0;5.9;14.9;20.1;95.1;NO
2008-09;36.4;4.6;16.9;41.4;20.6;6.0;4.6;11.9;20.9;94.2;YES
2008-09;34.9;4.9;19.1;38.8;17.4;7.5;4.7;15.3;21.7;93.9;NO
2008-09;35.0;6.0;17.7;39.7;21.2;7.1;4.8;15.6;21.4;93.6;NO
2007-08;41.5;9.3;18.8;43.2;22.4;9.1;4.6;13.2;22.9;111.0;NO
2007-08;40.3;6.9;23.1;44.1;24.7;9.2;6.7;14.7;21.1;110.7;YES
2007-08;41.4;8.5;18.9;41.5;26.7;6.5;6.3;14.4;19.9;110.1;YES
2007-08;39.6;8.1;21.3;44.1;24.4;8.0;5.3;14.1;20.6;108.6;YES
2007-08;40.0;5.0;21.3;40.9;26.4;8.7;4.3;14.6;24.0;106.2;YES
2007-08;37.3;9.8;20.1;42.0;20.8;6.3;4.1;14.3;20.6;104.5;YES
2007-08;37.8;9.2;19.1;43.1;22.7;7.6;5.0;15.1;23.4;104.0;NO
2007-08;37.1;6.2;22.1;40.1;19.1;7.9;4.1;16.1;22.4;102.5;NO
2007-08;38.6;7.7;16.0;41.8;21.8;7.8;3.9;11.9;18.7;100.9;YES
2007-08;37.3;7.6;18.5;41.6;19.2;6.1;4.7;15.3;19.4;100.7;NO
2007-08;36.4;7.3;20.5;42.0;22.4;8.5;4.6;15.2;22.7;100.5;YES
2007-08;36.9;6.0;20.6;43.0;21.0;6.0;4.9;12.6;21.8;100.4;YES
2007-08;38.4;7.0;16.4;40.1;23.8;7.0;4.1;11.7;19.5;100.2;YES
2007-08;36.4;7.0;19.0;41.6;19.6;7.7;4.8;13.2;19.6;98.8;YES
2007-08;36.3;4.7;21.0;42.2;22.0;7.3;5.5;14.9;20.4;98.2;YES
2007-08;36.6;5.9;18.4;41.4;22.3;7.1;5.8;11.7;20.6;97.5;YES
2007-08;38.1;3.8;17.5;44.6;21.3;6.5;4.9;16.0;20.5;97.5;NO
2007-08;36.4;5.8;18.7;43.0;22.1;7.7;5.2;14.6;21.8;97.3;NO
2007-08;36.1;6.5;18.4;40.6;21.3;7.5;4.9;14.7;21.7;97.1;NO
2007-08;36.9;5.5;17.7;41.7;21.5;6.6;4.4;14.8;21.3;97.0;NO
2007-08;36.2;6.0;18.6;42.5;18.7;6.4;2.6;14.5;21.5;96.9;NO
2007-08;36.6;7.1;16.4;44.6;21.4;7.3;5.1;13.7;19.6;96.7;YES
2007-08;37.3;3.7;18.4;41.9;20.4;8.7;4.9;14.3;19.8;96.6;YES
2007-08;35.8;6.7;18.0;44.6;20.0;7.1;5.2;14.0;20.9;96.4;YES
2007-08;34.8;6.1;20.1;41.9;23.5;6.4;4.8;15.0;22.6;95.8;NO
2007-08;37.5;5.4;15.2;41.4;19.9;7.5;3.7;14.5;23.0;95.6;NO
2007-08;35.8;6.6;17.2;40.7;21.1;5.5;4.4;12.9;20.0;95.4;NO
2007-08;35.8;7.2;16.5;41.3;21.0;6.4;4.1;12.6;18.7;95.4;YES
2007-08;34.4;4.3;20.8;40.1;21.1;6.8;4.9;14.4;21.3;93.8;NO
2007-08;34.2;6.0;16.9;37.6;20.0;7.2;4.3;14.7;20.4;91.4;NO
2006-07;41.3;9.6;18.0;40.5;25.9;6.7;4.8;14.5;20.2;110.2;YES
2006-07;39.8;8.5;18.5;41.4;23.8;9.1;5.7;16.0;23.6;106.5;YES
2006-07;38.6;5.9;22.3;43.4;23.4;8.3;5.3;16.5;21.4;105.4;YES
2006-07;37.4;6.8;22.6;41.2;20.2;7.7;4.6;13.8;22.2;104.3;YES
2006-07;37.8;7.4;20.2;41.2;22.6;7.3;5.1;15.5;23.0;103.3;YES
2006-07;36.6;6.1;22.4;39.5;20.5;6.9;5.0;16.4;22.3;101.6;NO
2006-07;37.4;4.3;22.3;42.5;24.7;7.0;4.1;15.6;25.2;101.5;YES
2006-07;35.9;6.5;23.1;38.9;20.3;8.2;3.2;14.6;21.9;101.3;NO
2006-07;36.7;6.5;20.1;41.9;19.9;6.8;5.0;13.9;22.4;100.0;YES
2006-07;38.1;6.4;17.1;39.2;21.6;7.2;2.7;15.1;22.2;99.7;NO
2006-07;37.0;6.5;19.0;39.5;22.2;7.1;3.9;13.5;20.4;99.5;YES
2006-07;37.2;6.4;18.4;39.6;20.7;7.7;3.7;15.5;22.0;99.1;NO
2006-07;37.1;5.9;18.6;43.7;22.3;7.8;5.4;16.0;23.3;98.8;YES
2006-07;36.6;7.3;18.1;40.7;22.1;7.2;5.1;13.9;19.4;98.5;YES
2006-07;35.5;7.4;19.1;40.8;23.9;6.1;3.3;14.8;22.8;97.6;YES
2006-07;35.4;5.8;20.9;43.3;18.7;6.6;3.2;17.1;23.6;97.5;NO
2006-07;35.4;8.6;17.5;43.3;20.8;7.1;4.1;14.2;20.9;97.0;YES
2006-07;36.1;5.6;19.1;39.8;22.4;7.8;4.5;14.9;24.2;96.9;NO
2006-07;36.3;6.0;18.1;43.5;20.8;7.6;4.3;14.4;21.7;96.8;YES
2006-07;36.5;4.7;18.3;40.2;22.5;6.5;4.0;15.6;21.4;96.1;NO
2006-07;35.9;5.5;18.8;40.5;21.6;7.1;5.8;12.2;20.4;96.0;YES
2006-07;34.9;5.7;20.4;40.4;19.9;7.2;4.7;16.5;24.0;95.8;NO
2006-07;35.1;3.8;21.6;41.1;21.5;7.3;5.8;15.1;22.7;95.6;NO
2006-07;35.0;5.9;19.7;41.8;20.5;7.3;5.5;16.3;23.3;95.6;NO
2006-07;36.2;5.5;17.5;43.1;18.7;6.4;4.2;14.5;19.8;95.5;NO
2006-07;35.8;3.5;20.0;39.7;20.4;7.2;4.8;15.3;20.4;94.9;NO
2006-07;35.1;4.2;20.5;40.7;18.6;6.9;5.1;17.0;23.2;94.8;YES
2006-07;35.6;6.4;17.0;40.8;20.5;6.9;5.4;14.6;21.3;94.6;YES
2006-07;35.0;5.2;18.8;39.3;18.5;6.8;4.6;15.1;23.5;94.1;NO
2006-07;34.5;4.2;20.5;40.1;19.2;7.4;5.4;15.9;24.0;93.7;NO
2005-06;41.8;10.2;14.5;41.8;26.6;6.7;5.0;13.3;20.5;108.4;YES
2005-06;37.5;7.4;20.1;39.6;20.7;7.6;3.7;14.7;23.6;102.6;NO
2005-06;36.3;6.1;23.0;41.2;18.6;8.0;4.1;13.9;22.6;101.7;YES
2005-06;36.7;7.4;20.2;38.5;19.4;6.5;3.3;13.1;24.0;101.1;NO
2005-06;37.5;4.3;21.0;41.3;23.4;8.5;5.6;14.8;22.7;100.3;YES
2005-06;37.1;6.1;19.7;43.1;20.6;6.4;5.4;14.5;22.8;99.9;YES
2005-06;36.6;4.6;21.6;40.2;20.2;7.9;4.9;14.1;20.9;99.4;NO
2005-06;36.5;6.7;19.7;42.2;21.1;7.7;4.3;13.9;23.1;99.4;YES
2005-06;36.0;5.1;22.2;42.2;18.0;7.2;6.0;13.6;22.4;99.1;YES
2005-06;36.0;6.0;20.8;40.5;22.3;7.4;3.6;14.6;20.4;98.9;YES
2005-06;35.8;7.6;19.2;42.3;20.7;7.4;4.4;14.1;23.7;98.5;NO
2005-06;36.0;5.7;20.3;39.6;20.9;7.0;5.1;16.6;24.8;98.0;NO
2005-06;36.3;6.2;19.0;41.2;21.6;7.3;3.3;14.6;23.2;97.8;YES
2005-06;36.6;6.8;17.7;42.8;22.0;6.2;4.2;14.9;24.9;97.8;YES
2005-06;35.5;6.1;20.6;42.3;19.0;6.9;4.8;13.9;21.1;97.6;YES
2005-06;36.5;3.5;20.7;43.1;20.8;6.5;6.1;14.5;22.8;97.2;YES
2005-06;35.9;5.2;20.2;40.3;19.8;7.2;4.8;15.7;25.0;97.2;NO
2005-06;36.1;5.2;19.4;39.8;20.9;10.0;4.3;14.2;23.9;96.9;NO
2005-06;36.4;6.8;17.3;40.5;24.0;7.1;6.0;11.4;18.5;96.8;YES
2005-06;34.4;3.9;22.9;41.4;17.9;6.8;3.3;17.7;26.3;95.6;NO
2005-06;36.5;6.4;16.2;41.5;20.9;6.6;5.7;13.7;20.9;95.6;YES
2005-06;35.5;3.6;20.3;40.2;18.2;6.5;4.4;15.1;23.3;94.9;NO
2005-06;34.0;6.5;19.4;42.2;19.9;7.3;5.0;15.3;22.2;93.9;YES
2005-06;33.9;5.8;20.2;41.0;23.0;6.8;3.4;13.6;23.2;93.8;YES
2005-06;34.5;3.7;20.1;40.2;18.5;7.5;3.8;13.4;21.8;92.8;NO
2005-06;33.5;3.8;21.6;42.1;21.6;6.4;6.0;15.7;24.8;92.4;NO
2005-06;33.5;7.2;18.0;39.2;19.3;7.3;5.4;13.8;21.4;92.2;YES
2005-06;35.2;3.8;17.5;39.4;20.9;6.8;5.7;14.5;23.0;91.7;NO
2005-06;33.0;5.7;18.3;41.6;19.3;7.2;3.9;14.5;22.7;90.1;NO
2005-06;34.0;4.4;16.3;37.7;18.2;6.5;5.3;14.7;22.3;88.8;NO
2004-05;40.9;9.7;19.0;44.1;23.5;7.0;5.5;13.7;19.1;110.4;YES
2004-05;39.1;6.4;19.2;42.4;24.5;8.2;3.9;13.1;20.5;103.7;YES
2004-05;37.3;5.6;22.3;42.9;19.6;8.6;5.6;13.4;22.3;102.5;YES
2004-05;37.8;5.8;20.2;43.0;21.8;6.4;5.8;13.7;22.1;101.5;YES
2004-05;37.1;5.3;21.6;40.8;22.1;8.1;5.2;15.8;24.4;101.3;YES
2004-05;36.2;6.3;21.9;42.8;19.1;8.7;4.2;14.3;22.0;100.5;YES
2004-05;36.0;7.9;19.8;40.1;20.4;7.6;3.9;13.3;22.9;99.7;NO
2004-05;37.0;3.9;21.5;42.0;23.9;9.1;6.0;14.9;22.9;99.5;YES
2004-05;37.0;3.9;21.6;43.7;19.3;7.7;5.4;16.1;23.6;99.5;NO
2004-05;35.9;6.2;21.1;42.0;20.9;9.2;3.9;15.5;22.9;99.1;YES
2004-05;35.1;8.1;20.5;40.9;18.1;6.7;4.1;13.6;23.7;98.9;YES
2004-05;35.3;7.9;20.3;43.2;20.4;6.2;4.2;14.3;21.9;98.7;NO
2004-05;36.9;7.6;17.2;42.7;22.1;7.8;5.1;13.6;22.4;98.7;NO
2004-05;36.3;5.4;19.3;41.0;20.3;7.7;3.2;14.7;23.7;97.3;NO
2004-05;36.1;4.0;21.0;41.3;21.0;6.5;3.5;13.8;21.9;97.2;NO
2004-05;37.1;4.8;17.7;43.0;23.4;5.6;5.5;13.2;21.6;96.8;NO
2004-05;36.5;3.7;19.9;42.3;22.6;8.0;5.6;13.9;22.6;96.5;NO
2004-05;35.6;6.2;18.7;42.4;21.6;7.5;6.6;13.7;20.9;96.2;YES
2004-05;35.7;2.8;21.6;41.9;23.2;7.3;5.1;15.7;22.2;95.7;NO
2004-05;34.7;6.7;18.9;42.4;21.1;6.9;4.6;13.8;22.0;95.1;YES
2004-05;34.7;6.2;18.7;43.8;21.3;7.0;4.5;16.7;24.7;94.5;YES
2004-05;36.1;3.9;18.1;41.7;21.9;8.5;5.4;14.5;23.1;94.3;NO
2004-05;34.2;6.5;18.6;39.0;20.9;8.5;5.8;14.6;23.3;93.4;YES
2004-05;34.8;4.4;19.4;43.4;21.8;7.0;6.1;13.8;20.0;93.3;YES
2004-05;34.5;3.0;21.0;40.1;22.3;6.6;4.6;15.8;26.7;93.0;NO
2004-05;32.5;6.6;21.3;40.1;18.2;7.5;4.4;14.3;23.0;93.0;YES
2004-05;35.3;5.1;17.2;41.1;21.0;7.1;6.6;16.0;20.8;92.9;NO
2004-05;35.9;3.7;17.3;41.9;19.7;7.7;4.2;16.1;24.5;92.7;NO
2004-05;33.6;5.3;19.0;39.5;21.6;7.9;3.8;14.2;24.2;91.4;YES
2004-05;33.1;5.1;17.1;40.2;21.0;6.7;3.8;14.8;23.0;88.4;NO
2003-04;40.5;6.2;18.0;45.3;23.9;8.0;5.3;12.2;19.6;105.2;YES
2003-04;37.8;7.3;19.8;41.2;26.2;8.7;4.0;13.9;19.3;102.8;YES
2003-04;36.9;4.5;19.9;43.1;23.8;8.3;4.6;13.8;21.1;98.2;YES
2003-04;36.2;4.9;20.7;42.2;22.8;6.8;4.7;13.5;20.3;98.0;YES
2003-04;36.5;4.0;20.2;42.3;21.9;9.1;6.3;15.6;22.0;97.2;YES
2003-04;35.8;8.8;16.6;39.3;21.7;8.1;4.7;14.5;21.8;97.1;NO
2003-04;36.1;5.5;19.0;41.8;23.4;9.7;6.9;15.0;23.2;96.7;YES
2003-04;34.7;6.7;19.2;40.1;20.5;9.4;4.0;16.2;22.4;95.3;YES
2003-04;34.4;4.0;22.0;43.5;20.2;7.2;4.6;16.4;22.1;94.8;NO
2003-04;37.0;4.0;16.6;42.9;23.0;6.8;5.6;12.7;21.1;94.5;YES
2003-04;36.1;5.1;17.0;40.6;19.3;9.0;4.7;15.2;22.7;94.2;NO
2003-04;35.4;5.2;18.0;40.9;19.3;6.7;3.8;13.7;21.3;94.0;NO
2003-04;35.1;5.2;17.9;43.1;20.5;7.0;4.7;14.8;20.6;93.3;NO
2003-04;35.6;3.0;18.6;45.6;22.0;7.1;6.5;14.8;21.3;92.9;NO
2003-04;34.5;5.1;18.7;42.7;20.1;7.6;5.0;16.5;22.3;92.8;NO
2003-04;35.1;5.0;16.8;42.6;20.7;7.4;4.8;15.7;23.1;92.0;YES
2003-04;33.6;5.3;19.3;42.8;18.7;8.9;5.0;17.5;20.9;91.8;NO
2003-04;33.8;6.5;17.7;42.8;20.9;8.6;4.2;15.0;20.9;91.8;YES
2003-04;34.7;5.0;17.2;45.1;20.4;8.1;6.5;14.7;20.3;91.5;YES
2003-04;33.6;5.5;18.8;41.7;21.6;8.9;5.0;14.4;20.8;91.4;YES
2003-04;35.3;4.6;15.4;41.7;21.6;7.5;5.4;14.8;19.0;90.7;NO
2003-04;34.3;4.6;17.0;40.7;24.5;8.6;3.9;14.7;21.0;90.3;YES
2003-04;33.3;5.9;17.8;41.5;19.1;7.2;3.8;13.9;22.1;90.3;YES
2003-04;33.5;4.1;19.0;42.8;20.8;8.0;7.0;15.1;20.3;90.1;YES
2003-04;33.4;6.3;16.7;42.6;19.3;6.8;5.4;16.7;21.5;89.8;YES
2003-04;34.1;5.2;16.2;43.5;21.9;8.0;4.8;16.1;23.3;89.7;NO
2003-04;32.8;3.1;20.0;41.2;20.4;7.1;6.0;16.6;25.6;88.7;NO
2003-04;32.7;4.1;18.4;40.8;20.0;8.0;4.4;15.9;20.7;88.0;NO
2003-04;32.4;5.6;15.1;39.6;19.2;7.4;4.9;14.2;21.3;85.4;NO
2002-03;38.5;7.8;18.1;42.1;22.4;8.1;5.5;11.6;21.1;103.0;YES
2002-03;37.3;5.2;22.6;46.7;20.9;7.2;6.2;15.8;21.8;102.4;NO
2002-03;39.5;6.0;16.7;44.5;24.8;9.0;5.6;14.5;20.3;101.7;YES
2002-03;37.7;5.9;19.0;44.3;23.3;7.8;5.7;14.5;22.9;100.4;YES
2002-03;37.1;7.1;18.1;39.5;22.2;7.6;4.2;12.7;22.2;99.5;YES
2002-03;35.9;6.9;19.7;40.9;20.4;8.5;3.7;14.4;23.0;98.5;YES
2002-03;38.7;3.6;17.1;43.6;25.2;6.7;5.3;13.7;20.8;98.1;YES
2002-03;37.2;5.7;17.4;41.6;23.1;7.9;6.1;15.4;20.5;97.5;NO
2002-03;36.3;3.0;21.3;42.2;21.6;10.3;3.5;14.8;22.0;96.8;YES
2002-03;35.5;4.6;21.2;44.2;23.3;8.5;5.4;14.8;22.1;96.8;YES
2002-03;36.2;7.4;16.1;39.2;22.0;7.1;3.1;14.0;23.0;95.9;NO
2002-03;35.5;5.5;19.4;42.6;20.0;7.7;6.5;15.8;20.4;95.8;YES
2002-03;36.6;4.8;17.4;42.5;21.0;8.1;4.9;14.7;22.0;95.5;YES
2002-03;35.4;4.2;20.3;42.9;23.0;8.7;4.6;14.8;21.6;95.4;YES
2002-03;36.4;4.6;17.7;41.1;22.7;8.8;3.9;15.2;19.9;95.2;YES
2002-03;36.5;4.3;17.7;43.0;21.7;7.4;5.6;16.9;24.7;95.0;NO
2002-03;35.3;2.7;21.3;41.5;25.6;8.6;5.7;16.8;22.4;94.7;YES
2002-03;34.9;4.9;19.4;42.6;20.5;7.5;5.8;16.7;21.7;94.1;NO
2002-03;35.5;4.9;17.9;43.6;22.0;8.0;4.8;14.8;21.6;93.9;YES
2002-03;34.6;4.8;19.9;42.3;19.6;7.0;5.6;15.7;21.8;93.8;NO
2002-03;34.6;5.4;19.1;43.8;18.4;7.2;6.0;15.6;19.5;93.8;NO
2002-03;32.9;8.8;18.0;40.5;19.2;8.8;3.7;14.0;21.4;92.7;YES
2002-03;35.2;5.6;16.2;40.8;21.6;8.3;3.6;13.2;20.9;92.1;NO
2002-03;34.3;3.1;19.7;40.4;19.7;7.6;4.8;13.4;20.0;91.5;NO
2002-03;32.9;6.5;19.0;40.6;19.8;6.8;5.7;13.5;21.3;91.4;YES
2002-03;34.8;3.6;18.3;44.6;20.9;7.8;6.4;18.3;22.7;91.4;NO
2002-03;34.7;5.0;16.5;41.2;19.3;7.4;4.8;14.4;21.5;90.9;NO
2002-03;32.8;4.2;15.8;41.6;18.3;7.2;4.0;14.2;22.6;85.6;NO
2002-03;32.8;2.8;15.8;42.4;21.2;8.7;5.1;18.5;25.1;84.2;NO
2001-02;39.0;7.6;19.6;42.5;22.1;7.1;4.8;12.1;22.5;105.2;YES
2001-02;39.8;5.2;19.7;45.3;23.9;9.0;4.6;13.8;19.0;104.6;YES
2001-02;38.4;6.2;18.2;44.3;23.0;7.6;5.8;12.7;22.2;101.3;YES
2001-02;37.6;7.6;17.6;41.2;22.0;8.1;4.7;13.6;20.7;100.5;YES
2001-02;38.7;4.8;17.1;44.2;24.3;6.4;5.2;13.4;21.2;99.3;YES
2001-02;36.6;3.9;20.6;46.7;20.8;7.9;6.4;16.8;23.0;97.7;NO
2001-02;38.2;6.0;15.4;40.3;23.5;8.5;4.4;13.7;21.1;97.7;YES
2001-02;37.1;7.2;16.1;41.4;22.5;7.3;4.7;14.1;21.8;97.5;NO
2001-02;35.8;4.9;20.3;42.7;23.0;8.0;5.3;15.2;22.9;96.8;YES
2001-02;35.5;5.3;20.3;42.4;20.0;7.6;6.5;14.4;19.2;96.7;YES
2001-02;36.6;5.7;17.7;43.0;23.5;8.6;4.5;14.3;19.7;96.6;YES
2001-02;34.8;8.5;18.3;42.2;21.0;9.7;3.6;13.6;21.7;96.4;YES
2001-02;37.1;4.9;17.1;43.3;24.3;8.7;6.0;14.5;21.1;96.2;YES
2001-02;35.0;3.4;22.6;42.2;24.4;9.1;6.4;16.5;24.0;96.0;YES
2001-02;36.2;5.0;18.3;43.4;20.9;6.2;6.6;14.8;19.8;95.7;NO
2001-02;36.0;4.7;18.6;42.1;23.1;7.0;5.7;14.6;21.4;95.3;NO
2001-02;37.8;4.4;15.2;42.7;22.4;8.1;4.9;14.7;21.8;95.1;NO
2001-02;34.7;6.9;18.0;38.7;21.5;7.9;6.9;14.5;20.7;94.3;YES
2001-02;35.4;5.2;18.1;41.5;20.2;8.1;4.3;15.5;20.8;94.0;NO
2001-02;35.3;4.2;19.1;43.5;21.5;8.0;5.6;14.0;21.3;93.9;YES
2001-02;35.8;3.7;17.4;42.0;20.9;7.0;4.3;13.0;21.5;92.8;NO
2001-02;34.6;6.0;17.1;41.9;18.1;6.5;5.4;14.1;18.0;92.3;NO
2001-02;35.5;5.2;15.9;41.8;22.2;7.5;5.6;14.7;22.8;92.2;NO
2001-02;34.4;5.8;17.1;40.7;21.0;6.8;3.5;14.5;22.0;91.6;NO
2001-02;35.6;4.7;15.5;42.1;21.7;8.4;5.5;14.3;21.6;91.4;YES
2001-02;34.2;2.6;20.0;44.2;20.0;8.6;4.4;15.3;20.1;91.0;YES
2001-02;34.8;4.1;16.3;41.4;21.8;7.9;6.0;16.4;19.2;89.9;NO
2001-02;34.3;3.7;17.2;40.0;22.2;7.7;4.4;15.3;22.4;89.5;NO
2001-02;34.2;3.8;15.1;42.0;20.3;6.7;5.5;14.8;22.5;87.2;NO
2000-01;38.2;5.8;19.5;45.0;22.6;9.7;5.3;14.9;19.5;101.7;YES
2000-01;38.0;6.9;18.0;42.4;22.5;8.2;4.7;13.7;23.5;100.7;YES
2000-01;37.9;5.4;19.4;44.7;23.0;6.9;6.0;14.4;22.8;100.6;YES
2000-01;37.6;6.3;18.9;41.5;21.2;7.5;6.0;13.9;23.3;100.5;YES
2000-01;37.2;5.2;18.1;44.5;24.4;7.3;6.3;13.2;21.3;97.6;YES
2000-01;36.7;6.0;18.0;42.9;22.0;8.2;5.9;15.2;25.3;97.5;YES
2000-01;36.9;5.7;17.7;41.7;21.9;8.0;5.0;15.3;21.1;97.3;NO
2000-01;38.4;3.9;16.6;42.3;25.4;8.3;5.6;13.9;23.2;97.3;YES
2000-01;35.9;6.1;19.3;42.0;19.7;7.2;4.4;14.7;20.2;97.2;NO
2000-01;36.1;4.0;20.9;40.6;25.7;8.1;5.6;15.8;25.7;97.1;YES
2000-01;36.3;6.2;17.7;44.2;24.0;6.7;6.6;13.9;22.2;96.6;NO
2000-01;35.2;5.4;20.4;44.1;21.7;6.9;7.0;14.0;18.9;96.2;YES
2000-01;35.6;4.7;19.6;45.5;19.9;7.5;5.5;15.9;23.8;95.6;NO
2000-01;36.6;4.5;17.6;42.0;23.9;8.2;5.1;15.3;21.3;95.4;YES
2000-01;35.4;3.2;20.7;44.8;20.6;8.4;5.0;15.8;20.4;94.7;YES
2000-01;33.8;7.2;19.8;39.8;20.8;9.4;4.1;15.7;23.8;94.6;NO
2000-01;35.9;4.0;18.2;42.7;23.2;9.5;5.2;15.2;22.7;94.0;YES
2000-01;34.5;3.4;20.8;41.3;20.1;7.7;4.7;17.0;23.3;93.2;NO
2000-01;34.5;4.8;18.8;42.9;21.5;6.9;5.9;15.2;23.5;92.6;YES
2000-01;35.3;4.4;17.4;42.9;19.3;6.0;6.3;15.8;21.6;92.5;NO
2000-01;35.8;3.4;17.4;45.5;21.8;9.0;5.0;15.9;21.1;92.5;NO
2000-01;35.2;2.7;19.0;42.1;20.8;7.8;5.3;16.5;23.2;92.2;NO
2000-01;33.9;4.4;19.9;39.6;19.5;7.9;5.0;14.7;24.2;92.1;NO
2000-01;34.1;4.1;19.5;44.4;23.2;8.1;5.5;14.4;21.4;91.9;YES
2000-01;35.0;4.0;17.8;40.5;23.2;7.1;4.4;15.7;21.1;91.7;NO
2000-01;35.1;4.1;16.8;42.9;19.0;7.7;4.7;16.7;22.7;91.0;NO
2000-01;32.9;5.8;17.4;39.6;19.9;7.7;3.7;13.7;21.0;88.9;YES
2000-01;33.6;4.8;16.8;40.2;18.5;6.6;4.2;14.5;22.7;88.7;YES
2000-01;33.2;4.0;17.2;38.9;22.1;8.2;4.6;15.8;23.2;87.6;NO
1999-00;40.0;6.5;18.5;45.0;23.8;9.6;4.6;16.2;21.1;105.0;YES
1999-00;37.1;5.4;23.9;41.2;20.8;8.1;3.3;15.7;24.5;103.5;YES
1999-00;39.0;6.3;17.2;41.2;22.1;7.2;5.1;13.7;21.6;101.4;NO
1999-00;37.2;7.1;19.9;42.1;22.6;6.8;5.1;14.1;21.8;101.3;YES
1999-00;38.7;4.8;19.0;41.3;22.6;8.2;4.6;15.0;24.6;101.2;YES
1999-00;38.3;4.2;20.1;47.0;23.4;7.5;6.5;13.9;22.5;100.8;YES
1999-00;38.6;3.6;19.2;44.9;20.8;9.1;5.7;17.6;24.0;100.1;NO
1999-00;36.6;7.1;19.2;43.8;21.6;7.5;5.3;17.4;20.3;99.5;NO
1999-00;37.2;5.1;19.8;43.0;21.2;9.7;3.5;15.4;27.1;99.3;NO
1999-00;37.9;6.7;16.6;43.0;22.9;8.0;4.2;14.0;21.7;99.1;YES
1999-00;37.3;5.7;18.7;44.7;23.3;6.8;7.5;15.6;23.9;99.0;NO
1999-00;37.7;5.6;17.9;43.7;25.6;9.1;5.3;16.7;24.1;98.9;YES
1999-00;39.3;3.0;16.8;42.5;26.9;7.6;5.4;13.9;23.3;98.5;YES
1999-00;35.8;4.1;22.7;42.9;24.7;8.9;5.9;14.7;20.4;98.4;YES
1999-00;36.3;5.8;19.5;40.9;20.6;8.8;4.8;13.6;23.3;98.0;NO
1999-00;36.8;5.0;18.8;43.0;23.5;7.7;4.8;15.2;22.7;97.5;YES
1999-00;36.3;5.2;19.3;43.3;23.7;8.1;6.6;13.9;24.3;97.2;YES
1999-00;36.3;4.2;20.2;42.8;23.7;8.7;4.4;17.4;27.1;97.0;NO
1999-00;36.7;4.1;19.1;42.7;21.6;7.2;4.7;16.1;26.2;96.6;NO
1999-00;36.1;4.0;20.3;41.0;24.9;7.7;5.4;14.9;24.5;96.5;YES
1999-00;36.0;4.0;20.1;43.8;22.2;7.5;6.7;15.0;20.9;96.2;YES
1999-00;36.5;4.2;18.3;45.6;22.6;8.9;4.3;15.9;24.9;95.5;NO
1999-00;36.5;2.5;19.2;44.1;22.2;9.6;4.7;15.7;23.6;94.8;YES
1999-00;36.3;5.4;16.4;43.2;23.5;7.1;6.4;15.0;23.7;94.4;YES
1999-00;36.6;3.1;18.0;45.3;18.9;6.1;5.6;15.4;21.0;94.3;NO
1999-00;35.3;4.0;19.4;40.6;20.7;7.4;4.2;16.8;22.9;93.9;NO
1999-00;35.3;4.3;17.2;40.5;19.4;6.3;4.3;14.6;24.2;92.1;YES
1999-00;35.1;5.2;16.6;40.6;18.0;7.0;6.0;16.2;22.2;92.0;NO
1999-00;31.3;4.1;18.1;40.9;20.1;7.9;4.7;19.0;23.3;84.8;NO
1998-99;38.4;5.8;17.7;45.6;22.6;8.9;4.6;16.8;20.3;100.2;YES
1998-99;36.8;4.8;20.5;42.0;21.9;7.8;5.7;15.1;24.6;99.0;YES
1998-99;35.9;5.2;18.5;40.3;25.0;8.9;4.0;13.6;20.4;95.6;YES
1998-99;35.1;6.2;18.4;42.0;21.7;7.9;4.0;15.3;20.9;94.9;NO
1998-99;34.9;4.9;20.0;44.3;21.5;8.2;5.8;15.4;22.5;94.8;YES
1998-99;34.6;5.9;19.5;40.5;20.1;6.3;4.5;13.0;21.6;94.7;YES
1998-99;35.1;6.7;17.3;41.5;21.2;7.7;5.2;16.2;19.2;94.2;YES
1998-99;33.6;6.0;20.2;40.8;19.4;7.5;5.5;14.8;22.9;93.5;NO
1998-99;33.7;2.8;23.2;41.3;24.1;8.0;5.5;16.3;22.7;93.3;YES
1998-99;36.3;5.5;14.9;42.8;21.5;9.1;5.1;16.1;23.9;93.0;NO
1998-99;33.4;5.4;20.7;39.5;22.2;8.9;4.9;15.9;22.0;92.9;NO
1998-99;36.8;2.4;17.0;42.9;24.4;8.5;5.4;12.8;23.7;92.9;YES
1998-99;34.8;3.4;19.8;44.0;22.0;8.4;7.0;15.2;20.2;92.8;YES
1998-99;35.1;4.6;16.9;38.8;20.6;8.8;4.0;14.4;22.8;91.7;YES
1998-99;35.0;4.0;17.6;42.5;18.4;7.0;5.8;13.8;21.3;91.6;NO
1998-99;33.8;4.5;19.2;43.0;18.5;9.8;5.5;15.0;22.7;91.4;NO
1998-99;35.4;3.6;16.9;40.0;21.3;7.9;3.9;14.7;23.0;91.2;NO
1998-99;33.2;4.5;20.2;43.2;20.7;8.8;6.4;16.0;22.8;91.1;NO
1998-99;34.2;4.3;17.7;39.2;16.4;8.5;4.7;15.9;24.5;90.4;NO
1998-99;33.2;5.0;19.0;40.3;20.2;8.9;4.2;15.8;22.8;90.4;YES
1998-99;33.1;2.0;21.5;43.1;18.7;10.8;5.4;16.4;23.0;89.7;YES
1998-99;33.7;4.5;17.5;42.7;21.3;9.9;4.3;16.4;18.7;89.5;YES
1998-99;32.3;5.8;18.6;40.3;20.4;6.5;6.1;14.9;20.7;89.0;YES
1998-99;32.9;3.0;20.2;40.2;19.3;8.4;4.0;17.0;22.5;88.9;NO
1998-99;34.6;3.2;15.9;47.5;20.7;8.3;4.4;15.4;25.4;88.3;NO
1998-99;32.2;4.2;17.8;41.2;19.3;7.9;5.2;16.1;22.8;86.4;YES
1998-99;31.2;3.6;20.3;35.8;21.9;9.0;4.1;15.7;24.2;86.4;NO
1998-99;30.8;3.9;20.8;43.5;15.6;6.9;5.2;14.9;19.7;86.3;YES
1998-99;30.8;3.5;16.8;39.3;20.3;8.7;3.4;15.5;22.2;81.9;NO
1997-98;38.4;6.1;22.7;43.3;24.5;9.0;6.8;15.3;22.7;105.5;YES
1997-98;38.5;3.7;20.4;42.6;25.2;7.8;5.2;13.9;23.0;101.1;YES
1997-98;36.5;3.0;24.9;41.1;25.2;7.9;5.0;15.4;23.9;101.0;YES
1997-98;37.2;7.6;18.5;38.5;24.2;9.8;4.6;14.0;22.1;100.6;YES
1997-98;38.3;5.3;17.8;42.0;25.9;9.2;5.2;15.1;21.5;99.6;YES
1997-98;37.3;3.8;21.3;42.5;20.5;9.5;3.8;14.4;23.4;99.6;YES
1997-98;35.9;7.0;19.9;40.7;21.9;8.4;3.6;15.8;20.2;98.8;YES
1997-98;37.6;3.9;18.2;42.2;23.2;8.4;4.6;14.1;22.4;97.2;NO
1997-98;37.4;3.8;18.2;44.9;23.8;8.5;4.3;14.4;20.6;96.7;YES
1997-98;36.2;4.2;20.0;40.6;23.7;8.4;3.8;15.2;21.4;96.6;YES
1997-98;36.7;4.0;19.3;41.4;23.9;7.5;4.3;17.1;22.1;96.6;NO
1997-98;35.6;4.9;19.9;39.3;23.0;7.9;4.5;14.2;22.7;96.0;YES
1997-98;36.7;5.1;17.4;39.5;22.1;12.0;4.5;16.2;26.9;95.9;NO
1997-98;35.7;6.4;18.0;40.4;18.7;7.6;5.6;16.1;22.3;95.9;NO
1997-98;35.2;4.1;21.3;43.0;19.1;8.0;6.0;14.8;20.4;95.9;YES
1997-98;34.8;6.7;18.8;42.0;21.4;8.1;5.2;15.0;24.2;95.0;YES
1997-98;36.2;4.5;18.0;40.7;21.3;9.4;8.1;16.7;22.6;94.9;NO
1997-98;35.6;3.0;20.3;39.9;20.1;8.9;4.4;16.9;23.4;94.5;NO
1997-98;35.2;4.0;20.0;44.0;21.5;7.1;5.7;16.9;22.7;94.3;YES
1997-98;34.9;3.6;20.8;41.2;19.5;8.3;4.2;14.6;22.0;94.2;NO
1997-98;34.6;3.0;21.1;41.7;21.1;8.9;6.0;16.5;22.9;93.3;NO
1997-98;36.1;3.5;17.6;41.4;22.4;7.3;5.1;15.5;22.1;93.1;NO
1997-98;35.3;3.7;18.2;44.2;22.4;6.3;6.9;16.1;21.1;92.5;YES
1997-98;34.4;3.6;20.2;40.1;23.1;9.9;5.1;17.3;23.6;92.5;YES
1997-98;34.9;4.7;17.1;41.6;21.8;7.7;3.4;15.2;23.7;91.6;YES
1997-98;35.1;5.1;16.0;40.1;18.7;7.9;5.7;14.4;20.0;91.4;NO
1997-98;33.8;3.6;18.9;41.2;20.7;7.9;5.4;15.3;19.7;90.1;NO
1997-98;32.6;3.5;20.2;39.0;18.9;8.1;4.8;16.0;23.6;89.0;NO
1997-98;34.7;2.3;16.6;45.9;20.8;7.6;5.5;16.7;22.7;88.3;NO
1996-97;38.2;4.1;22.7;40.2;26.8;9.1;5.1;15.4;24.2;103.1;YES
1996-97;40.0;6.4;16.8;45.1;26.1;8.7;4.0;13.5;19.7;103.1;YES
1996-97;38.3;6.4;19.7;40.1;25.2;8.1;3.9;14.4;21.1;102.8;YES
1996-97;36.5;6.8;21.0;40.0;23.5;11.0;4.7;15.0;22.0;100.9;YES
1996-97;37.4;5.7;20.1;40.0;21.9;9.9;3.8;16.4;23.4;100.6;NO
1996-97;37.0;8.2;18.3;42.6;24.5;8.4;4.2;16.6;19.6;100.6;YES
1996-97;36.6;5.3;21.7;44.2;20.7;8.3;4.8;17.5;21.1;100.2;NO
1996-97;36.8;6.7;19.7;42.8;22.5;9.0;7.0;14.9;22.2;100.0;YES
1996-97;36.5;5.9;20.7;40.8;22.2;7.5;4.4;17.2;21.8;99.6;NO
1996-97;39.1;4.0;17.1;41.8;23.4;8.7;4.9;15.7;22.1;99.4;YES
1996-97;36.6;6.1;19.7;43.3;20.9;7.8;5.3;16.5;23.5;99.0;YES
1996-97;36.4;7.2;18.8;39.1;24.6;7.3;4.3;14.7;20.8;98.9;YES
1996-97;35.8;7.8;18.5;42.0;23.0;6.1;5.9;16.6;21.8;97.8;NO
1996-97;36.5;5.8;18.5;40.7;20.3;8.9;5.4;16.0;24.0;97.2;YES
1996-97;36.5;5.9;18.3;46.2;21.0;8.3;5.9;15.7;22.7;97.2;NO
1996-97;36.6;5.0;18.2;41.5;21.9;7.2;4.4;16.2;23.7;96.4;NO
1996-97;35.8;4.5;20.0;39.7;22.9;7.5;6.8;15.2;22.2;96.1;YES
1996-97;35.3;7.2;17.6;41.3;20.9;8.8;6.3;16.4;23.0;95.5;NO
1996-97;35.1;5.7;19.3;42.5;22.1;7.7;4.6;17.8;24.8;95.4;YES
1996-97;34.8;5.2;20.6;41.7;21.3;7.1;4.8;16.3;24.1;95.4;NO
1996-97;36.2;4.0;19.0;39.2;19.6;7.7;4.2;15.7;23.1;95.3;NO
1996-97;34.4;8.3;17.7;41.0;21.2;7.9;5.4;15.9;23.4;94.8;YES
1996-97;34.3;8.0;18.2;41.1;19.0;8.5;5.2;15.0;19.4;94.8;YES
1996-97;34.5;7.1;18.1;38.4;19.0;7.7;3.5;12.7;20.1;94.2;YES
1996-97;34.6;6.9;18.0;40.1;20.6;8.5;4.4;15.2;20.0;94.1;YES
1996-97;34.3;5.2;16.8;40.3;20.3;8.0;4.3;16.1;21.9;90.6;NO
1996-97;34.5;4.6;16.9;39.4;20.3;7.9;5.3;15.2;21.5;90.5;NO
1996-97;34.4;5.4;15.0;38.8;22.7;8.0;5.7;15.9;21.4;89.2;NO
1996-97;33.0;5.9;15.6;37.4;20.9;8.0;3.8;14.5;23.0;87.5;NO
1995-96;40.2;6.6;18.2;44.6;24.8;9.1;4.2;14.3;22.0;105.2;YES
1995-96;37.5;7.1;22.5;41.5;24.4;10.8;4.8;17.6;24.0;104.5;YES
1995-96;39.1;7.6;18.8;41.1;25.4;8.1;5.0;14.1;20.8;104.5;YES
1995-96;38.5;4.0;23.3;42.8;24.4;7.6;4.0;14.7;21.7;104.3;YES
1995-96;38.6;6.6;19.9;42.4;21.9;8.0;5.0;15.9;24.9;103.6;NO
1995-96;38.4;6.3;20.3;43.0;24.9;7.9;6.5;14.6;22.2;103.4;YES
1995-96;39.2;5.8;18.6;40.2;25.4;8.8;6.3;14.2;20.8;102.9;YES
1995-96;37.9;7.1;19.9;39.5;23.3;7.1;3.4;15.1;22.1;102.8;NO
1995-96;39.0;6.0;18.4;39.7;22.1;7.2;6.2;16.2;24.2;102.5;NO
1995-96;38.2;4.6;21.6;41.0;26.1;8.1;5.1;14.8;25.0;102.5;YES
1995-96;37.5;7.8;19.6;41.1;24.2;7.9;5.8;15.2;21.4;102.5;YES
1995-96;38.1;9.0;17.4;46.2;23.3;7.8;4.2;15.5;22.4;102.5;NO
1995-96;37.3;5.5;21.6;42.2;23.0;8.6;5.7;16.4;22.4;101.6;NO
1995-96;36.2;5.6;21.5;42.2;22.3;7.8;5.3;17.6;26.0;99.5;YES
1995-96;38.1;6.2;17.0;38.6;20.4;8.6;5.0;16.5;24.5;99.4;NO
1995-96;36.3;4.4;22.2;39.9;23.4;7.1;3.9;16.3;24.8;99.3;YES
1995-96;37.4;5.9;18.7;45.6;21.5;7.2;5.1;16.8;22.7;99.3;YES
1995-96;36.4;6.9;18.6;40.6;19.6;9.4;3.9;15.0;20.9;98.3;YES
1995-96;36.3;3.4;21.9;39.7;22.8;7.9;5.9;17.4;24.3;97.9;NO
1995-96;36.6;4.8;19.7;43.2;22.6;6.4;7.3;15.4;23.0;97.7;NO
1995-96;37.6;5.0;17.2;40.0;23.5;9.1;6.0;18.8;24.2;97.5;NO
1995-96;36.6;5.9;18.0;40.0;22.2;7.9;4.6;15.5;22.7;97.2;YES
1995-96;35.4;6.7;18.9;42.6;21.4;7.0;5.4;17.0;26.3;96.5;YES
1995-96;37.0;4.4;17.2;38.3;21.4;7.1;3.7;15.8;23.7;95.6;NO
1995-96;34.3;6.6;20.2;40.5;19.6;6.2;4.3;14.8;23.8;95.4;YES
1995-96;34.1;6.0;20.3;38.9;19.9;7.8;5.1;17.2;21.7;94.5;NO
1995-96;35.1;3.0;20.4;47.0;21.4;7.6;7.0;16.8;22.9;93.7;NO
1995-96;33.7;7.3;16.5;35.6;22.2;8.2;4.1;13.1;20.5;91.1;YES
1995-96;33.8;4.5;17.6;38.1;20.8;8.9;4.1;16.4;22.6;89.8;NO
1994-95;42.2;6.4;20.1;44.0;27.8;8.2;6.0;15.8;21.0;110.9;YES
1994-95;40.9;7.1;21.7;41.8;26.8;8.4;3.8;14.2;22.4;110.6;YES
1994-95;40.4;6.0;23.7;41.5;25.8;11.2;4.8;15.8;25.2;110.4;YES
1994-95;39.5;5.3;22.4;45.0;23.4;8.0;5.6;15.2;22.8;106.6;YES
1994-95;39.5;3.7;23.6;40.1;27.5;9.2;4.8;15.7;24.9;106.4;YES
1994-95;39.2;6.7;20.6;42.3;24.6;7.9;4.8;18.3;22.0;105.7;NO
1994-95;40.0;6.4;18.6;42.0;25.3;9.1;6.9;15.2;23.6;105.1;YES
1994-95;38.5;7.9;18.6;40.5;25.1;8.8;6.3;16.1;20.9;103.5;YES
1994-95;39.4;4.7;19.8;48.1;23.7;7.1;4.2;16.4;22.1;103.2;NO
1994-95;39.2;5.6;19.0;46.3;22.5;8.1;5.7;14.8;24.7;103.1;YES
1994-95;38.8;4.4;20.8;42.4;21.7;7.5;4.4;15.9;24.1;102.8;YES
1994-95;38.9;5.4;18.3;41.5;24.0;9.7;4.3;15.8;23.9;101.5;YES
1994-95;37.8;5.0;20.7;42.0;22.4;8.0;7.1;16.8;25.2;101.3;YES
1994-95;38.3;5.3;19.1;41.0;21.7;8.1;3.6;15.7;24.4;101.1;NO
1994-95;37.2;6.8;19.4;39.4;25.3;7.6;4.9;14.9;20.5;100.6;YES
1994-95;38.7;5.3;17.8;39.8;21.3;7.9;4.9;15.9;23.8;100.5;NO
1994-95;36.9;6.0;19.6;39.6;21.2;8.2;4.4;17.0;22.7;99.3;NO
1994-95;36.4;4.6;21.9;40.7;22.9;8.6;4.4;16.3;23.6;99.2;YES
1994-95;36.4;6.5;18.9;41.5;25.1;7.2;4.7;15.9;25.6;98.2;YES
1994-95;36.9;4.4;20.1;41.4;22.2;7.9;5.6;17.7;24.9;98.2;NO
1994-95;37.3;6.0;17.5;38.6;22.8;8.6;5.1;16.1;26.2;98.2;NO
1994-95;35.8;5.0;21.3;46.1;23.0;6.6;6.7;15.9;22.5;98.1;NO
1994-95;37.3;4.0;18.0;38.3;22.0;9.6;5.3;16.3;26.2;96.7;NO
1994-95;36.4;6.6;17.2;41.2;21.4;9.0;5.0;14.9;22.0;96.6;YES
1994-95;36.0;4.3;19.1;40.7;19.1;7.8;7.0;16.5;22.4;95.4;NO
1994-95;34.0;3.9;22.2;36.3;21.7;7.4;4.9;17.1;25.3;94.2;NO
1994-95;33.6;4.9;18.4;40.0;20.4;7.7;4.3;14.3;20.7;90.5;YES
1993-94;41.8;4.2;20.4;44.8;27.6;9.1;5.6;15.9;20.0;108.2;YES
1993-94;42.8;3.5;18.6;43.6;26.8;9.8;6.2;17.5;21.8;107.9;YES
1993-94;41.1;3.3;21.7;45.9;25.2;9.1;5.0;14.8;22.3;107.3;YES
1993-94;41.2;4.1;19.9;42.6;27.0;8.8;4.8;15.4;21.3;106.5;NO
1993-94;40.7;3.0;21.6;41.2;25.8;12.8;4.5;15.4;23.3;105.9;YES
1993-94;40.7;4.8;19.4;43.1;25.2;8.3;5.6;16.2;20.9;105.7;YES
1993-94;39.0;4.1;21.3;44.4;22.6;7.8;4.6;16.0;24.7;103.4;YES
1993-94;38.6;2.7;23.2;47.0;23.2;8.5;7.0;14.6;20.6;103.2;YES
1993-94;40.8;3.1;18.4;43.0;26.5;9.8;5.1;18.0;21.6;103.0;NO
1993-94;39.1;2.2;21.5;42.0;26.6;9.2;4.4;14.5;24.2;101.9;YES
1993-94;39.6;3.3;19.0;44.8;25.1;11.2;5.5;15.3;19.8;101.4;YES
1993-94;38.2;3.6;21.2;42.0;25.0;8.6;5.2;13.9;20.7;101.2;YES
1993-94;38.8;3.1;20.4;42.3;24.7;8.2;4.3;16.3;24.1;101.1;NO
1993-94;39.0;5.2;17.9;43.2;25.5;8.7;5.9;16.3;20.1;101.1;YES
1993-94;38.6;2.2;21.5;43.2;25.1;8.6;5.6;17.6;24.1;101.0;YES
1993-94;40.6;1.7;17.8;41.7;23.5;8.2;5.4;15.1;22.5;100.8;NO
1993-94;40.1;2.9;17.2;42.2;24.2;9.2;5.6;14.6;22.9;100.4;NO
1993-94;39.0;2.7;19.7;39.8;22.2;8.5;3.9;17.1;20.9;100.4;NO
1993-94;38.5;2.1;21.2;44.7;21.5;8.3;8.4;17.3;23.5;100.3;YES
1993-94;38.8;3.0;19.5;46.2;23.1;6.8;5.5;14.6;20.3;100.0;YES
1993-94;37.8;3.9;19.1;45.3;25.2;9.2;4.7;16.6;24.4;98.5;YES
1993-94;37.8;3.9;18.4;41.5;22.3;8.1;6.4;16.7;18.1;98.0;NO
1993-94;39.6;2.8;16.0;43.1;25.6;9.0;4.3;15.9;21.3;98.0;YES
1993-94;37.1;4.0;18.7;40.0;23.7;9.8;5.0;16.4;22.2;96.9;NO
1993-94;38.6;4.4;15.3;40.8;21.5;7.3;3.8;15.1;23.6;96.9;NO
1993-94;36.4;2.2;21.7;40.6;24.0;7.3;5.4;18.0;24.6;96.7;NO
1993-94;37.3;2.9;17.7;41.7;19.9;9.4;3.6;17.0;24.5;95.1;NO
1992-93;42.6;4.9;23.3;44.5;25.5;9.2;5.5;16.6;21.2;113.4;YES
1992-93;42.8;2.1;22.3;43.9;26.4;7.8;5.8;16.2;21.8;110.1;YES
1992-93;42.4;3.6;21.6;43.9;24.5;8.5;4.7;17.7;25.1;109.9;NO
1992-93;41.0;3.4;23.2;45.5;24.0;9.4;5.2;14.8;23.1;108.5;YES
1992-93;42.4;2.7;21.0;42.4;23.2;11.5;5.0;15.5;24.0;108.3;YES
1992-93;41.0;3.2;22.7;41.7;25.3;9.4;4.2;16.6;25.4;107.9;NO
1992-93;41.1;3.1;22.4;44.8;26.1;7.5;4.9;15.3;24.9;107.8;YES
1992-93;41.8;3.5;20.7;41.8;28.6;7.5;6.5;13.7;19.3;107.7;YES
1992-93;41.4;4.7;20.1;44.3;25.4;9.8;3.4;16.3;22.0;107.5;YES
1992-93;43.2;1.6;19.0;43.2;27.3;10.3;6.0;16.3;23.4;107.1;YES
1992-93;40.7;1.6;23.3;42.7;26.5;9.1;4.2;15.5;24.0;106.2;YES
1992-93;39.7;3.9;22.2;44.0;23.8;6.6;5.7;17.4;23.5;105.5;NO
1992-93;40.4;2.9;21.9;42.2;24.5;7.1;6.3;15.0;22.5;105.5;YES
1992-93;42.4;3.0;17.5;43.6;26.0;9.5;5.0;13.5;22.0;105.2;YES
1992-93;40.9;1.7;21.8;46.7;21.2;7.9;6.9;17.2;24.9;105.2;NO
1992-93;39.3;4.0;21.7;42.2;24.9;8.2;6.9;16.6;19.6;104.3;NO
1992-93;40.4;2.3;21.2;41.4;24.5;9.5;5.3;15.4;21.7;104.2;YES
1992-93;40.0;4.7;19.3;42.9;25.8;8.3;6.6;15.8;20.7;104.0;YES
1992-93;42.1;1.3;18.1;42.8;24.4;7.9;5.6;14.3;22.7;103.7;YES
1992-93;38.1;4.1;23.3;42.9;20.6;7.4;4.3;15.7;24.5;103.6;NO
1992-93;39.9;1.9;21.1;46.3;22.8;8.5;6.4;16.5;23.1;102.8;YES
1992-93;39.9;3.8;18.8;38.6;25.4;10.5;4.8;16.6;24.1;102.3;NO
1992-93;40.3;2.1;19.2;40.8;25.7;8.2;4.4;16.1;21.9;101.9;NO
1992-93;39.1;2.4;20.9;46.5;25.9;8.3;4.5;15.8;25.7;101.6;YES
1992-93;39.8;3.6;17.4;44.0;23.7;7.1;3.0;14.0;21.3;100.6;NO
1992-93;38.6;3.5;18.7;42.7;20.5;7.9;4.3;17.8;28.1;99.3;NO
1992-93;37.1;2.0;21.9;38.3;24.4;7.9;5.5;17.3;24.7;98.1;NO
1991-92;45.9;3.1;23.7;42.8;25.2;10.4;4.6;16.5;25.0;118.7;YES
1991-92;42.7;4.1;22.8;44.5;29.2;8.6;4.8;17.1;26.1;112.2;YES
1991-92;43.3;2.8;22.7;44.5;26.9;8.2;7.1;15.1;22.6;112.1;YES
1991-92;42.4;4.0;22.7;46.9;25.2;9.2;5.0;16.2;24.2;111.4;YES
1991-92;44.4;1.7;19.4;44.0;27.8;8.2;5.9;13.3;20.6;109.9;YES
1991-92;44.1;1.4;20.0;43.1;27.9;10.0;3.8;15.5;22.2;109.5;NO
1991-92;41.8;3.1;22.2;42.6;27.6;7.5;7.6;13.1;19.0;108.9;YES
1991-92;41.2;1.9;23.9;44.4;26.7;8.7;5.5;15.4;21.3;108.3;YES
1991-92;43.2;1.3;18.9;44.9;25.3;7.8;5.9;14.2;20.6;106.6;YES
1991-92;41.2;2.5;21.6;43.2;22.9;9.5;5.5;16.1;23.8;106.5;YES
1991-92;42.6;2.6;18.5;46.2;25.9;9.7;3.9;15.3;21.6;106.2;NO
1991-92;42.4;2.7;17.9;47.6;23.6;9.0;7.5;17.0;22.4;105.4;YES
1991-92;39.7;3.1;22.4;43.3;21.3;8.2;4.5;16.8;22.2;105.0;YES
1991-92;40.5;4.5;19.5;42.3;24.6;10.5;3.9;16.5;23.2;105.0;NO
1991-92;40.8;2.9;19.7;41.6;23.9;8.9;7.5;16.6;21.5;104.3;NO
1991-92;41.2;1.4;20.1;46.1;24.5;8.9;7.4;16.0;21.9;104.0;YES
1991-92;40.8;1.8;19.5;43.0;25.0;10.0;6.1;15.5;22.8;102.9;YES
1991-92;41.0;1.8;18.5;41.6;24.5;8.7;5.1;15.3;22.6;102.4;NO
1991-92;39.9;4.0;18.2;42.8;25.1;8.0;7.0;16.8;21.6;102.0;NO
1991-92;38.9;2.8;21.4;41.1;21.4;8.4;5.9;15.1;19.3;101.9;NO
1991-92;40.4;2.5;18.3;44.8;26.0;7.7;4.7;15.1;23.2;101.6;YES
1991-92;39.3;2.4;20.6;42.7;21.9;7.8;4.5;16.9;24.1;101.6;NO
1991-92;41.0;1.5;16.8;40.7;24.7;7.5;6.4;14.1;22.8;100.5;NO
1991-92;38.8;1.5;21.3;40.9;22.0;9.2;4.9;13.3;18.8;100.4;YES
1991-92;39.8;1.5;18.6;45.1;18.9;9.4;5.6;17.6;24.2;99.7;NO
1991-92;38.9;2.0;19.1;44.3;23.2;6.7;4.4;14.8;20.1;98.9;YES
1991-92;38.0;3.3;18.3;44.3;19.9;6.5;4.3;14.7;22.8;97.6;NO
1990-91;47.6;3.7;21.0;49.4;24.5;10.4;5.0;16.2;27.3;119.9;NO
1990-91;43.5;3.3;26.4;41.7;23.8;9.8;4.6;16.6;26.9;116.6;YES
1990-91;43.6;4.2;23.3;45.9;27.5;8.8;5.0;16.0;24.1;114.7;YES
1990-91;43.6;1.7;25.2;45.5;26.9;8.4;6.5;15.9;22.6;114.0;YES
1990-91;42.1;3.0;24.5;41.4;26.6;8.0;4.4;16.5;25.5;111.7;YES
1990-91;45.1;1.3;20.1;46.2;26.3;8.2;6.9;16.1;20.7;111.5;YES
1990-91;44.3;1.9;19.6;42.6;27.0;10.0;5.3;14.4;21.4;110.0;YES
1990-91;40.8;3.3;24.8;44.6;22.7;8.9;4.6;15.0;21.6;109.8;YES
1990-91;41.6;1.0;23.0;46.2;26.1;8.2;7.0;17.6;23.1;107.1;YES
1990-91;41.5;3.9;19.9;46.1;23.2;9.7;5.0;17.1;22.9;106.7;YES
1990-91;42.7;1.7;19.6;41.4;24.9;10.5;4.6;17.1;24.1;106.6;YES
1990-91;40.7;3.1;21.9;39.5;25.3;10.9;4.0;16.1;24.8;106.4;YES
1990-91;40.8;2.8;22.0;42.9;25.5;7.8;4.7;14.7;18.6;106.3;YES
1990-91;40.2;3.3;22.2;44.7;22.1;7.3;3.7;17.0;24.1;105.9;NO
1990-91;40.1;2.4;22.8;42.4;22.2;8.3;5.8;15.0;19.9;105.4;YES
1990-91;39.2;1.8;23.8;40.7;27.0;8.0;5.5;15.9;21.9;104.0;YES
1990-91;41.4;1.4;19.5;45.7;25.8;8.8;6.2;17.5;24.9;103.5;NO
1990-91;40.3;2.3;20.2;42.5;26.5;7.8;5.1;16.8;21.5;103.1;YES
1990-91;40.4;2.0;20.2;45.7;21.7;9.1;7.3;17.4;23.8;102.9;NO
1990-91;40.1;1.6;21.0;39.4;24.6;9.3;3.7;15.7;23.7;102.8;NO
1990-91;40.0;1.7;20.1;43.1;23.2;9.2;4.7;18.9;25.4;101.8;NO
1990-91;39.7;2.0;20.3;40.7;27.3;7.8;5.5;15.6;20.4;101.7;NO
1990-91;41.3;0.7;18.0;43.5;25.4;7.2;5.7;16.6;23.5;101.4;NO
1990-91;39.0;1.6;20.6;44.6;22.3;5.9;4.5;14.4;22.8;100.1;YES
1990-91;39.6;2.4;18.4;40.8;22.2;7.1;4.8;14.5;22.4;99.9;NO
1990-91;39.8;1.3;18.7;41.3;23.0;8.7;5.4;13.0;22.7;99.6;NO
1990-91;37.6;2.6;18.8;39.6;24.3;7.7;6.3;15.5;25.3;96.7;NO
